file_id,path,offset,end,size,sha256,extension,format,signature_hex
0,__unmapped__/file_00000,1098752,1098784,32,66687aadf862bd776c8fc18b8e9f8e20089714856ee233b3902a591d0d5f2925,,,00000000000000000000000000000000
1,__unmapped__/file_00001,1099264,1099296,32,7d714ebd20b8188e95318e524e9f8b3fb8d4dc194e1be591a1717eb574a5bc6e,,,02484168491c41607047c04600751d02
2,__unmapped__/file_00002,1099776,1099808,32,66687aadf862bd776c8fc18b8e9f8e20089714856ee233b3902a591d0d5f2925,,,00000000000000000000000000000000
3,__unmapped__/file_00003,1100288,1100320,32,66687aadf862bd776c8fc18b8e9f8e20089714856ee233b3902a591d0d5f2925,,,00000000000000000000000000000000
4,__unmapped__/file_00004,1100800,1331936,231136,7bade8989412a7f7d12dfe1013ff04fa0aa92a047f6bb6e6865769b4554c427b,,,70b5051c57480c1c4068002801d049f6
5,__unmapped__/file_00005,1332224,1488288,156064,577193fd5e6469189b35a99e5fb30908d5256e6bbbdcf876158a38ec3bca526a,,Nintendo LZ10,10b5041ca06843f63bfb44f60fff32f6
6,__unmapped__/file_00006,1488384,1590144,101760,f6920dd94a4bd53d52f7013d2820f63c28f9bd48e3adb8822ff60bff0a6baed2,,,70b5051c281d141c1e1c296000f03ef8
7,__unmapped__/file_00007,1590272,1603296,13024,9aa387f2507e5fb00897b2095737e2d8bfc9153b05feafc4ad93e09e8f4cdea1,,,38b5051c084809496b6a6422f4f5bcf9
8,__unmapped__/file_00008,1603584,1716064,112480,02928071c3bdc21940f57cf8a0eddd75dd081fa3918422703d5c014fffecdabf,,,0021c943884203d08100024840587047
9,__unmapped__/file_00009,1716224,1757600,41376,ceeef1bc433239ec4cbf996dbb55ff2a8f7cc8a8501c398805d5f7ceef9a3ea3,,,38b5051c687c052801d9002068741a48
10,__unmapped__/file_00010,1757696,1757728,32,66687aadf862bd776c8fc18b8e9f8e20089714856ee233b3902a591d0d5f2925,,,00000000000000000000000000000000
11,__unmapped__/file_00011,1758208,1965536,207328,2d3e2d84d2ff4f8c4bf762b0801374e45312a30286dd84bea6aede912d71ff14,,,70b58ab00c1c061cd8f560fe2168051c
12,__unmapped__/file_00012,1965568,2068576,103008,7b5babd2b68ac51443aa394c627ef75ae02400137f2675563ed5a831bc92bbc9,,,f0b585b0051c0020011ce8f5a1fce8f5
13,__unmapped__/file_00013,2068992,2260448,191456,6247397a0bded739df236624c4ed438093535063ef498af28b1786aad6d84935,,,38b5041c1cf61afbbaf67cefbbf694e9
14,__unmapped__/file_00014,2260480,2323232,62752,a8c8bdcfd94a2a87ba26d6e44c75ef2c0d3b7e329005f94a7e881bfbea753e32,,,38b50122051c0320092192033ff696f9
15,__unmapped__/file_00015,2323456,2341504,18048,ebd5074438a9541aaa5d217c03bf1a35c4bc70d2e32747a6f7fbeabb97a7ff30,,,38b50c1c2168051c002902d001291cd0
16,__unmapped__/file_00016,2341888,2507008,165120,abb12393dd6d0f4eaade688b414d342000ba7d9574613d9f93d014cd786254f7,,,38b588b00021051c36200a1c2cf626ff
17,__unmapped__/file_00017,2507264,2535552,28288,543271f2630698c60cbd7622cc7afb7a3fa277b363bb2015bf9c2a3a2cf190ee,,,f8b50f1c051c381c08213ff655faee00
18,__unmapped__/file_00018,2535936,2633440,97504,8d617521294583913c758ee7fed5524577b28662fb0d0c20650b72f57ee977fc,,,f8b5234a234c131c0021ff2008332568
19,__unmapped__/file_00019,2633728,2633984,256,265b3083ee8856d7554732c2149c0389d6797e81bba50cff1803d18357be9774,,Nintendo LZ10,10b584b0041c03200821c203c4f5e6f9
20,__unmapped__/file_00020,2634240,2643456,9216,c2740e1643d9939671bb6c434058364ef767dbefb50fcf2ea4edb7d1a3169800,,,004b184791770302f8b5061c0d1c0320
21,__unmapped__/file_00021,2643456,2644928,1472,14a8108fc5ab07e72035acda984fd63a237efb1e4b642b779641a6dfde650bfe,,,014b0248024918477929250255482502
22,__unmapped__/file_00022,2644992,2648832,3840,a10cc560afd7af25d9b0382f5f6dc78cfb0104383f9df67fe72461a4724c88ea,,,014b0248024918477929250255482502
23,__unmapped__/file_00023,2649088,2655488,6400,74c2e4a74e4a41f98e90f8513bf496295c35fb5f9d6b8540cc9864af3c21568c,,,014b0248024918477929250255482502
24,__unmapped__/file_00024,2655744,2658208,2464,51a9af3ac5046c880fbf115275c28b4d71ed83a3d7155eadae3baa4968b290c0,,,014b0248024918477929250255482502
25,__unmapped__/file_00025,2658304,2659680,1376,b0f63859a3357cc33ca03d61132d3ea483d8af00c69c12324f66da1dee9af916,,,014b0248024918477929250255482502
26,__unmapped__/file_00026,2659840,2661888,2048,811217f7d65fb474f089e2543b7f9a7ebd74cca6c6ea401a13ddafac2cf91856,,,014b0248024918477929250255482502
27,__unmapped__/file_00027,2661888,2664864,2976,5aa86b3f432e3d940f4a310ff1d337466946765495a0dc8632247ef8e429f94f,,,014b0248024918477929250255482502
28,__unmapped__/file_00028,2664960,2670976,6016,00aced84bacfa312c5fa22d22d3e64f7971a5948530594d0af8ad25cca1e0483,,,014b0248024918477929250255482502
29,__unmapped__/file_00029,2671104,2673408,2304,4c4919bba8d878bd47aaf7b98eb50b4a5860e6337505fb48be8a34c6710a42a7,,,014b0248024918477929250255482502
30,__unmapped__/file_00030,2673664,2675200,1536,c6c45f26007ff97c8e209cd84b58b4b55fead689ea5149700ad7b8a91ee1fb88,,,014b0248024918477929250255482502
31,__unmapped__/file_00031,2675200,2676736,1536,89c406128241e415c7bf16fcf538150bcfdf9349cb1364245563aea2af9ef975,,,014b0248024918477929250255482502
32,__unmapped__/file_00032,2676736,2677920,1184,d98852300f1f773cf30b380201ccab71ff4bc06c0ea2a0c865bc2090f4693022,,,014b0248024918477929250255482502
33,__unmapped__/file_00033,2678272,2679072,800,63075a78bde98567ff4e13b4267d2e7a2a71737bfe0435dac38c6899f413f993,,,014b0248024918477929250255482502
34,__unmapped__/file_00034,2679296,2680512,1216,d2b0f9a24b2be9541ca28ed2ebf25adcb87565541ddc47a5954a73be713eb92f,,,014b0248024918477929250255482502
35,__unmapped__/file_00035,2680832,2683296,2464,37aa387a1589b8690872db985b8c5b3773c8eb47ea9270b6a584cf1e7686b1e2,,,014b0248024918477929250255482502
36,__unmapped__/file_00036,2683392,2686656,3264,6d66f8dad90d8c559b499b48f806e3970292631cb9352253e16b2f844e0a2d7c,,,014b0248024918477929250255482502
37,__unmapped__/file_00037,2686976,2688352,1376,5675cac6082947d47367a6d1497112408ba013ebbef1f58277f12a9e59d2baa9,,,014b0248024918477929250255482502
38,__unmapped__/file_00038,2688512,2691392,2880,1a081a06fe528b4163a3cb25649e5f81c2b489f8181eb536cfe5d26f0a7b4e55,,,014b0248024918477929250255482502
39,__unmapped__/file_00039,2691584,2694848,3264,3adcf31153f502f4119a05271c1141177bbf74c720a5419545453f854a5b7926,,,014b0248024918477929250255482502
40,__unmapped__/file_00040,2695168,2698336,3168,201af4d8c1349f1925b6bc2edfb46bd92df32c9701aa8c56017446e77a85b7e0,,,014b0248024918477929250255482502
41,__unmapped__/file_00041,2698752,2703168,4416,70f384984bddc1fad09abb16d793e11d066ad3536312652fdc1d7630b6fe6a64,,,014b0248024918477929250255482502
42,__unmapped__/file_00042,2703360,2705664,2304,4de4706dcb7068ef232cd3a152a6e90088b78f887bd90158e12010552e65179e,,,014b0248024918477929250255482502
43,__unmapped__/file_00043,2705920,2708416,2496,49b5e70784b7d0ad3fef82677b5b49ac55e46239f47960f446b291cab9ebb28b,,,014b0248024918477929250255482502
44,__unmapped__/file_00044,2708480,2709664,1184,525d6ade35a08fd3a4f26d6fee887dc845a0dab1ff0a5aa472ff062400a2d57a,,,014b0248024918477929250255482502
45,__unmapped__/file_00045,2710016,2712384,2368,ab6b494d61ac6104a777ee8f4b9ea5b8fb89ad0c269f24aaaa0807c8de8e545a,,,014b0248024918477929250255482502
46,__unmapped__/file_00046,2712576,2713376,800,a5a72cdf09a59631b20c82e4ef5bfe895fa67b8720d8fcbb906c470c4d39297a,,,014b0248024918477929250255482502
47,__unmapped__/file_00047,2713600,2716832,3232,7b09611fa020f64c6b360c604c0d139bd5fa3bf90bedad53d953b60cc1077d62,,,014b0248024918477929250255482502
48,__unmapped__/file_00048,2717184,2719392,2208,4dacdd2d750e430924e40ea7d1b335f046d16bb5208f16b81076e77cfcc51378,,,014b0248024918477929250255482502
49,__unmapped__/file_00049,2719744,2721280,1536,920c9a423c792db211b7b7cc51bbb0c1e2c23f8e9afe87277a1c1a4e1f52bd12,,,014b0248024918477929250255482502
50,__unmapped__/file_00050,2721280,2722080,800,91b5449dc04a995c6a9ad343b62523c03441bed4f44c197cb4e2e37b7eb63979,,,014b0248024918477929250255482502
51,__unmapped__/file_00051,2722304,2726336,4032,4a8a6a91a04c91a1838b175d4319be643ea79ba44c1f1d1dd0fe87af49db3919,,Nintendo LZ10,10b50c1ce1686069c96f00294fd02168
52,__unmapped__/file_00052,2726400,2727424,1024,d9a7ec93bce0146d9b4cc9114e5b15e39c0ea631b00cd9722f0698aad0b53a21,,,08b5022203204d2112043ff697f929f6
53,__unmapped__/file_00053,2727424,2736768,9344,9a32bd6c1bfdf295db33c6988355e928c6857a07ce27ca9cc6b9058bc7658536,,,78b583b00d1c2968061c002903d00129
54,__unmapped__/file_00054,2737152,2746240,9088,4f65f99685313432a4264d0110a3e198bc8e9b8f107e8e8c74cffc0426b315c4,,,78b583b00d1c2968061c002903d00129
55,__unmapped__/file_00055,2746368,2758720,12352,8a07e23ba4ee3afecc2ee24dd0201700dbb0983fdf54b6cd84c815a170732392,,Nintendo LZ10,10b5041c00f084fb201c00f099fb201c
56,__unmapped__/file_00056,2759168,2777504,18336,a1f9f6c2f45e6cd8e797d9f62d6a771b3d9afc1deaf6a1cfd485c59a3e90df64,,,093805280dd800187844c08800040014
57,__unmapped__/file_00057,2777600,2787136,9536,dbf1e309f8ffa42eb72d7030b1800d70c94671bdc7adfc6a36fc6192fb397374,,,f0b585b0051c0020011c3ef611fd0020
58,__unmapped__/file_00058,2787328,2792864,5536,24a76ccd1c10027275b59e95c54f617dd76b6c04b1e79139bfe191357b9d7d16,,,78b583b00d1c2968061c002903d00129
59,__unmapped__/file_00059,2792960,2804256,11296,7bdcc37edd43f07ec94c0b60b9efe0a65bc285d406a490234f965450aa8140c7,,,38b50122051c0320522192043ff696f9
60,__unmapped__/file_00060,2804736,2808064,3328,1439a2471b5defa9b375df64a326f1e4defd787e1c5632d7fff8f84bd1c40a67,,,38b5041c2ef6d2fe0122051c03202621
61,__unmapped__/file_00061,2808320,2812544,4224,c225cfec79f26745f3f15dcea30852391e7438ed7793e7bac26d1b6a79dbb086,,,38b5051c2ef6c8fe0222032029211204
62,__unmapped__/file_00062,2812928,2828768,15840,afd272d84836b3033686f413901df9d799265249fea8f3f6e0bb7d6bf11ee435,,,014b024802211847dd5f000208000000
63,__unmapped__/file_00063,2828800,2847936,19136,06b3118da1a5624ab96df1ef2c4705471fc2dcbb89c8e9c890cc920c4267be78,,Nintendo LZ10,10b52849041c002036f65aff25490120
64,__unmapped__/file_00064,2848256,2855488,7232,e4e71d5d49ec4ec64d9947f02974006ff160b6b71aa0a10dd3cf1f84e698cdca,,,38b584b00122041c03202f2192043ff6
65,__unmapped__/file_00065,2855936,2868224,12288,a505b088576d0566c8b1d51bf00c9dbc33ba6f7f52ae51ebe20b3266487027f8,,,38b5041c2ef6d2fe0222051c03202d21
66,__unmapped__/file_00066,2868224,2878048,9824,3ff3ba8e6c10f97cc402197efb99367afd2494142c152e0570b1458794acb3f4,,,38b5041c2ef6d2fe0222051c03201121
67,__unmapped__/file_00067,2878464,2887744,9280,55d1157f21a13ee06123e73b359ae2fbe0c72732118f06c1da3993e615f57405,,,38b5041c0020011c3ef612fd3ef616fd
68,__unmapped__/file_00068,2888192,2893824,5632,09b2376277cdddc6735b15a88bd70527c09c4a766adc964a5dcb33e468da3ad6,,,38b5041c0020011c3ef612fd3ef616fd
69,__unmapped__/file_00069,2893824,2902944,9120,339c4e128d9f22ee472909e54fa49c3a2fc8c01e6264a078318196b1fb52f301,,,f8b5051c0020011ce8f5a2fc03203f21
70,__unmapped__/file_00070,2903040,2906656,3616,af4db01e19e818256c833a22fd57064023eb594abcb54326adac55d758d5e34e,,,38b50122051c03203c2192033ff696f9
71,__unmapped__/file_00071,2907136,2923200,16064,201305e713a7fd1795b6ab4c374bf6d7b4fa146ff8492a2cde9e630e3faa6b61,,Nintendo RLE,30b583b0051c0020011ce8f5a1fce8f5
72,__unmapped__/file_00072,2923520,2923552,32,66687aadf862bd776c8fc18b8e9f8e20089714856ee233b3902a591d0d5f2925,,,00000000000000000000000000000000
73,__unmapped__/file_00073,2924032,2943200,19168,a69e34c8269c3165fdf6fa3df6ca57515d7b7a34ca6c27b7ef4d5eaa328947e3,,,08b5806901f0e4f944f610ff08bd0000
74,__unmapped__/file_00074,2943488,2948128,4640,ac397207a6b2d754a235a988a171d5a1ce746228b0b991dcb7bb7cc37ebb3cf3,,,38b5041c2ef6d2fe0122051c03204a21
75,__unmapped__/file_00075,2948608,2972640,24032,1053836431a27fce86ad49059392eb7b1174d9d8b55762ea8747e1b7fb2fce47,,Nintendo RLE,30b583b0051c0020011c2ff6b1f92ff6
76,__unmapped__/file_00076,2972672,2980384,7712,13581b50d3cab7deb180297cfa1ab91b3426e93b266020438c5ae99d743b7ea0,,,38b50222051c0320432112043ff696f9
77,__unmapped__/file_00077,2980864,2988000,7136,4672222284e6fda0308545ea9d2da08504e04c21398156ad1c7b77edbb5849f6,,,38b5041c0020011c3ef612fd0020011c
78,__unmapped__/file_00078,2988032,2989152,1120,4ed4d0c431938878a9cf25ab573fe2c5935bb59e1cdae24ce108bde87159fbc9,,,f8b586b00222051c0320482112043ff6
79,__unmapped__/file_00079,2989568,3010752,21184,50ffd469dd8294d3fb3d115979e93019cda6749d7225dc3938b9cfcc0814bb1e,,,01040143014801607047c04620712102
80,__unmapped__/file_00080,3011072,3053856,42784,d2078da15e14fa7ac61a70f9edbaa4d55541b9f08b21e565da2374bb6bd0323f,,,18b4054b01241c6000245c609860d960
81,__unmapped__/file_00081,3054080,3075968,21888,bc902834e30e93276bd5a1b2c1bdfcd9e2705463d726ae14b21e94b6f7cda772,,Nintendo RLE,30b585b0051cd6f55ffa002800d1bbe0
82,__unmapped__/file_00082,3076096,3085632,9536,1b32c9290eb520dd8550725608dfcf6890c88115fd9c60cb7ae94814243bdd07,,,18b4054b01241c6000245c609860d960
83,__unmapped__/file_00083,3085824,3143840,58016,8e633a4222dfb780544744ed4bc5a471e4eab3a58f6c572be0beed3bf3e8e89c,,,00207047f0b597b0051c052080012818
84,__unmapped__/file_00084,3144192,3158816,14624,f06fdabe493b7187d99e218f2fb131308adf69e3fc5d4860a3612c9ca3cf9ba4,,,78b585b00d1c2968061c002906d00129
85,__unmapped__/file_00085,3159040,3196160,37120,fec5d359b3457f922cd37fa1e60af793b33ff8b6500521228de02240637005c1,,Nintendo RLE,30b583b0051c0020011c3ef611fd3ef6
86,__unmapped__/file_00086,3196416,3198496,2080,90227b2e553a75b5a116463b16e9e23609860f0ee3f8546480078854764bff40,,,38b50222051c0320542112043ff696f9
87,/application/custom_ball/data/cb_data.narc,58786304,58847116,60812,4b25ee9d91e977fcbf4be1cab7d2ba15cfb6d58983d5ef5ebeaca137409506a1,.narc,NARC archive,4e415243feff00018ced000010000300
88,/application/wifi_earth/wifi_earth.narc,58401792,58553972,152180,a529c990a715b9599316abf4049a14a23b4c18a019b69a41b2630fb921460ff6,.narc,NARC archive,4e415243feff00017452020010000300
89,/application/wifi_earth/wifi_earth_place.narc,58554368,58557640,3272,067806345d96ce91f3cd76aaafddf4b6a915c512499fbf61f49e0368a59c7e84,.narc,NARC archive,4e415243feff0001c80c000010000300
90,/application/zukanlist/zkn_data/zukan_data.narc,58378752,58401304,22552,60a0e09f5a78a625cca5b7e150fd6c17dcb98bc0ba2859f7119ac585d6e04432,.narc,NARC archive,4e415243feff00011858000010000300
91,/application/zukanlist/zkn_data/zukan_enc_diamond.narc,59998208,60069856,71648,b8cb42e92606e365f31bb869ae606aade7fbecb60806f98016bc52c24734a992,.narc,NARC archive,4e415243feff0001e017010010000300
92,/application/zukanlist/zkn_data/zukan_enc_pearl.narc,60069888,60141512,71624,a57924fd8444d022afbf56dd0fe0bb9c82108e5dbfacb65572989d1227288eaa,.narc,NARC archive,4e415243feff0001c817010010000300
93,/arc/bm_anime.narc,58937344,58974720,37376,5b46f1446499c070966515ab667ab4223bf00ea62b1b5397eda43eea629ec68b,.narc,NARC archive,4e415243feff00010092000010000300
94,/arc/bm_anime_list.narc,58974720,58989752,15032,3547a1cc82d4388f2fc37fcf6b25176b686645dc4b0c9b70d179d9865cdd8c07,.narc,NARC archive,4e415243feff0001b83a000010000300
95,/arc/encdata_ex.narc,58990080,58991908,1828,5a466b26b3595ff878992810881d77bda8661c2776e92036612e12fdc9026c8d,.narc,NARC archive,4e415243feff00012407000010000300
96,/arc/ppark.narc,58992128,58995148,3020,78ed2c1252ca3d76324b60f2fedbb7f20bc84e3ac08f55f87aa1e7ac38173528,.narc,NARC archive,4e415243feff0001cc0b000010000300
97,/arc/ship_demo.narc,58995200,59090264,95064,b596db0ce389ad0b3bbb3dbe4112f8e9306a3b7519036eeac6cb0ff7f36931fd,.narc,NARC archive,4e415243feff00015873010010000300
98,/arc/tv.narc,59090432,59091328,896,6bf46c807745f991dae47e3633aeae516479c2e5d84acc10767fe0c9a9bafd55,.narc,NARC archive,4e415243feff00018003000010000300
99,/battle/b_tower/btdpm.narc,59941376,59964252,22876,776d9ad316bd6a9d97f45ca6dc5405dbf2e3e96f75a36118619bcad4081bec6c,.narc,NARC archive,4e415243feff00015c59000010000300
100,/battle/b_tower/btdtr.narc,59964416,59998144,33728,9d8e016906e413d77a3a30856764f7605c03b9c0d956601e6262a4918b0f0040,.narc,NARC archive,4e415243feff0001c083000010000300
101,/battle/graphic/b_bag_gra.narc,29578240,29598468,20228,1bad36d04c4462f5e43df643f0f2bb388f0230e917253d66401db9e2ae39ed7b,.narc,NARC archive,4e415243feff0001044f000010000300
102,/battle/graphic/b_plist_gra.narc,29598720,29673128,74408,1786a3fdf7ddfbdb88e4c723ea7e16ebf9b4b45599264aac7bdeb523db57b300,.narc,NARC archive,4e415243feff0001a822010010000300
103,/battle/graphic/batt_bg.narc,29673472,30313596,640124,bcf2c24ae32b38a546b9b293b16af3782b706fd6dc5ec9d58c1e245655ce05ab,.narc,NARC archive,4e415243feff00017cc4090010000300
104,/battle/graphic/batt_obj.narc,30313984,30445660,131676,04e5df4768970cc2c677047efd2f280a17f522017cad05436badf52d4e00ae82,.narc,NARC archive,4e415243feff00015c02020010000300
105,/battle/graphic/vs_demo_gra.narc,30446080,30466944,20864,0f2b6db0502d559797ce7bf9c56b84fdbb5d8deed2113447e407d06b09a8af4c,.narc,NARC archive,4e415243feff00018051000010000300
106,/battle/skill/be_seq.narc,30734336,30751228,16892,9bef02e3319ba414c4146b5fff87fd727b72a655079fb3ff68a4f7c24f17b476,.narc,NARC archive,4e415243feff0001fc41000010000300
107,/battle/skill/sub_seq.narc,30751232,30802232,51000,0cd8c8fc49d79a2b852c5427f0bfd1a8d7ecb1f60e8154c83ee191feae4f86af,.narc,NARC archive,4e415243feff000138c7000010000300
108,/battle/skill/waza_seq.narc,30802432,30808848,6416,31a96dbb1ae49166726cc66e604444d24ab92eed57103822cef84630afe80e89,.narc,NARC archive,4e415243feff00011019000010000300
109,/battle/tr_ai/tr_ai_seq.narc,58894848,58937296,42448,74b17cd373c63c5aa9fa5e7e909c7037f768b443c726eee51ed0f0278efd709d,.narc,NARC archive,4e415243feff0001d0a5000010000300
110,/contest/data/contest_data.narc,58330112,58344252,14140,7cf7c17d07b805fc4d6c65b7b23e6d25b0b94e87f5cf0d729c308ed2b1b9496f,.narc,NARC archive,4e415243feff00013c37000010000300
111,/contest/graphic/contest_bg.narc,58225152,58305860,80708,604fc581c1d39592afe5ea72a2a14365c9a06c2c4c0b4267b4663d58248bf8da,.narc,NARC archive,4e415243feff0001443b010010000300
112,/contest/graphic/contest_obj.narc,58306048,58329892,23844,43bb5b2c71de2e630bafac397cc0e103f3add14645d2a2ecc73280f7e2f42bd1,.narc,NARC archive,4e415243feff0001245d000010000300
113,/data/area00light.txt,3379712,3381794,2082,ce56f77f15e41b127c4cd4230910736da58705964d36b4101cd171e06ee03564,.txt,Nintendo RLE,302c0d0a312c31312c31312c31362c31
114,/data/area01light.txt,3382272,3384296,2024,ce00fd5de6739f4849e6c322eaf06cf254065213d7c0e0bac942559b59d0a4c8,.txt,,3930302c0d0a312c32332c32332c3235
115,/data/area02light.txt,3384320,3386434,2114,7db2deeb4bfb1b8cec526a09e18ee6170df031413bcd79c69b596b5e9e3eea63,.txt,,3930302c0d0a312c32342c32342c3138
116,/data/battle_win.NSCR,3386880,3388964,2084,786c211effb3f47630ba88c443d2b11ad815f99affab9802586f129015423dd6,.nscr,,5243534efffe00012408000010000100
117,/data/btower_canm.resdat,3389440,3389492,52,2c906d1ffb6a67209ee3c8daac86ac095bc3f39e8257657703b5c6a5f3f8b57e,.resdat,,030000007b0000000300000000000000
118,/data/btower_celact.cldat,3389952,3390016,64,1f123e9d1801e4ef8fb0a0f49a75db77f38c3a3b94ad347f207c1ab10dbc2817,.cldat,,00000000000000000000000000000000
119,/data/btower_cell.resdat,3390464,3390516,52,a74a51eb2d927d8606797f195359808db51e8724784d4a4682ccb5a030172107,.resdat,,020000007b0000000200000000000000
120,/data/btower_chr.resdat,3390976,3391028,52,3203fffb886d328c3fb529e78c7ed5d3d6fac9cb12b46a5c7fb2e998f36bcd15,.resdat,,000000007b0000000100000000000000
121,/data/btower_pal.resdat,3391488,3391540,52,a25715710de58cb59ab60219bf75930fd58050a96f1e325555a46a64f4a4eace,.resdat,,010000007b0000000000000000000000
122,/data/cell0.NCGR,3392000,3400240,8240,744e07505e4c80a62df7782d14db317152aa090363ffe40fcada29b463d6c509,.ncgr,NCGR graphics,5247434efffe00013020000010000100
123,/data/cell0.NCLR,3400704,3401256,552,ec23e08f70ec23bef86883d2025ea41a518f4c41bf0b61a7427853502a95d9f4,.nclr,NCLR palette,524c434efffe00012802000010000100
124,/data/clact_default.NANR,3401728,3401839,111,30249884bd91f10bc9d4e13e7b1495f09991b6f488405a0cdbb61cfb402d10ca,.nanr,NANR animation,524e414efffe00016f00000010000300
125,/data/crystal.nsbmd,3402240,3405572,3332,67ea106ff319b63062afd6927e4ca022966cd550cc937cb1ceb1920ba35f46bf,.nsbmd,NSBMD model,424d4430fffe0200040d000010000200
126,/data/demo_climax.narc,3405824,3878444,472620,18d011c800914e0410979a16996dcdf6cca15ba384aa85d9973a769ab6def94e,.narc,NARC archive,4e415243feff00012c36070010000300
127,/data/dp_areawindow.NCGR,3878912,3879280,368,25a619fba61e036c8bee2595996ef4a480f84d31f6601018c7915549bb971f51,.ncgr,NCGR graphics,5247434e000000016801000010000100
128,/data/dp_areawindow.NCLR,3879424,3879976,552,6e5afdca34a65cd2adccd5de0c3e026fe76488afa707bfaed2eca788161ca4c2,.nclr,,5250434e000000012002000010000100
129,/data/dt_test_celact.txt,3880448,3880502,54,657d5de29b925e3eaf5ae872783367f10475b5c0f90bfcd5043cb1abdb69d85e,.txt,Nintendo RLE,302c302c302c302c6e2c6e2c302c302c
130,/data/dt_test_res_cell.txt,3880960,3880998,38,c8389498002fe33ab42c1090e38ff07579d464ddbfac95a20829dbf0b7d7fdb0,.txt,,322c302c0d0a646174612f75675f6865
131,/data/dt_test_res_cellanm.txt,3881472,3881510,38,cbe867be063be570f1fbc6fcdfb5b879ad308c06326bd8ecf53436ebe6e6557d,.txt,,332c302c0d0a646174612f75675f6865
132,/data/dt_test_res_char.txt,3881984,3882027,43,385fccd82bc01a6cac1ed7e0ca5bdcc2f21f6822014c8f834f1507e8df120988,.txt,Nintendo RLE,302c302c0d0a646174612f75675f626f
133,/data/dt_test_res_multi.txt,3882496,3882512,16,8b908000b9cf297550ff4b4a08e641b2122597f77232d9dba5422afdb23a198a,.txt,,342c302c0d0a652c652c652c652c0d0a
134,/data/dt_test_res_multianm.txt,3883008,3883024,16,1b97c2f67dccdc6b480d4982764c8cedeaf4d055b845ab7fb6373e12874d9496,.txt,,352c302c0d0a652c652c652c652c0d0a
135,/data/dt_test_res_pltt.txt,3883520,3883565,45,4bb2f67548edddd0d90a4344eaa0d1da254b6150ecfd6a045226ff33aa882f57,.txt,,312c302c0d0a646174612f75675f626f
136,/data/dun_sea.nsbtx,3884032,3885432,1400,39c857f5b0fb8e0c07c161c838d0faa4a9f7c06a99fa432f4e4e92d70f59ee4e,.nsbtx,NSBTX texture,42545830fffe01007805000010000100
137,/data/eoo.dat,3885568,4172288,286720,5c7d80adf0567cd0f45166ba79d40974b7b2dcda06c2ef77366c4b6a2f68456f,.dat,,4e494e54454e444f202020204e54524a
138,/data/exdata.dat,4172288,4172580,292,d25f106d39d48484fb0944d9b9d2706a17885ed46702abbef4402e9b4bed4f0d,.dat,,00000000600000009000000024060000
139,/data/field_cutin.narc,4172800,4226592,53792,1634f209420540f1fda098e8269f7830debbad9e33ad3fc3a33c1fd1bd89598e,.narc,NARC archive,4e415243feff000120d2000010000300
140,/data/fld_anime0.bin,4227072,4227144,72,1ec9b817623b914aa1336af423f5c0a0172ad74a1a0049eef79a3e0becfde53b,.bin,,646174612f6d696e696d756d2e6e7362
141,/data/fld_anime1.bin,4227584,4227656,72,7f72c84bb5552e478dcc27bb339be852876f8c3f0b7d1774d2e7bb6fefbd9fee,.bin,,646174612f6d696e697268616e612e6e
142,/data/fld_anime10.bin,4228096,4228168,72,c19e0811ae7000f211bc8e1d23590e14e22480adfd275c20267124db8970095a,.bin,,646174612f6c616b655f616e696d2e6e
143,/data/fld_anime2.bin,4228608,4228680,72,a2b9cb0bb30abe7eccb0a1d2793407d4da6c9c3b15c33a5bbde1aaef6f4b5e63,.bin,,646174612f6d696e696173617365612e
144,/data/fld_anime3.bin,4229120,4229192,72,84a53ae8352350e35582de2710b79dfcb6db44ae3a189be0ac9a68a807283785,.bin,,646174612f6d696e6968616d6162652e
145,/data/fld_anime4.bin,4229632,4229704,72,5978dbb7f77e96e630e931cbc6d34e2b487adde774d3e203f9727e931d9de7d2,.bin,,646174612f6d696e6961736168616d61
146,/data/fld_anime5.bin,4230144,4230216,72,de96fcc88817b1797ff20ad9774546b8b391b6e3c61d3dad801dec93d321c14c,.bin,,646174612f74335f666c5f622e6e7362
147,/data/fld_anime6.bin,4230656,4230728,72,81fbe84c6fa50dc51d6063d914754783933b824243f3c2041584029d6116d0f5,.bin,,646174612f74335f666c5f702e6e7362
148,/data/fld_anime7.bin,4231168,4231240,72,f44ac96d074f591823ba68aa7d928479f6597aded2002eff8301f41216b15d23,.bin,,646174612f74335f666c5f722e6e7362
149,/data/fld_anime8.bin,4231680,4231752,72,49908acbeaec47bcc9b0e1a35730391a3c24f8fba4b9689a4240723e39166c1e,.bin,,646174612f74335f666c5f792e6e7362
150,/data/fld_anime9.bin,4232192,4232264,72,7da5c71f81701b46246603a08a4773600a55e6df79050d91b20c6773a7bc73a6,.bin,,646174612f64756e5f7365612e6e7362
151,/data/fs_kanban.nsbca,4232704,4234740,2036,41b95f6d1c3e3bfac512d44d17669a94843e21439c6bd4275933464139129b24,.nsbca,NSBCA animation,42434130fffe0100f407000010000100
152,/data/ground0.NCGR,4234752,4267568,32816,11c41561e7436491dcfec563b5acdc60ad5a4bbb26ca5b5ead43762eec4c6722,.ncgr,NCGR graphics,5247434efffe00013080000010000100
153,/data/ground0.NCLR,4268032,4268584,552,35263e138d7e792ea5509bacd9c44e25e77028dbbccf39b48f76a5249d5b3e0a,.nclr,NCLR palette,524c434efffe00012802000010000100
154,/data/ground0.NSCR,4269056,4271140,2084,3ab3b003d343c067cc9b3e9c45fdd2ebe2ff4d8e4d2fe0a2bab0cbc4d028b16a,.nscr,,5243534efffe00012408000010000100
155,/data/kemu_itpconv.dat,4271616,4271636,20,e985fdcdde6952900c40e69ebb53010e24cbb5d7370a604962dc8104fe3d8f18,.dat,,04000000000003000600090000010203
156,/data/lake_anim.nsbtx,4272128,4276560,4432,b474bda5a56416dee86d57f43f17414265e91477b5990b00aa3a6d145d12d4af,.nsbtx,NSBTX texture,42545830fffe01005011000010000100
157,/data/miniasahamabe.nsbtx,4276736,4281224,4488,753ea89fce5bf92a8f65ea5a4d7a90f774fc282f54ea97d999ce9203fde63f36,.nsbtx,NSBTX texture,42545830fffe01008811000010000100
158,/data/miniasasea.nsbtx,4281344,4282744,1400,bc976c5218b1ce8561ff47c0a7cac4b560a7128439e2e173f4cba2476f68b3d6,.nsbtx,NSBTX texture,42545830fffe01007805000010000100
159,/data/minihamabe.nsbtx,4282880,4287368,4488,cb3d2f02227509848d1623fa39f42bc171c8337da3605a89076a286450a19382,.nsbtx,NSBTX texture,42545830fffe01008811000010000100
160,/data/minimum.nsbtx,4287488,4288888,1400,155a8541e3c57084d98af2463ee9530f9b45bf7bd1e4c403d0e56defa47510b9,.nsbtx,NSBTX texture,42545830fffe01007805000010000100
161,/data/minirhana.nsbtx,4289024,4289736,712,ebfa325c84a395484192f52d2b103974efdf9c0f27506eee728b8f9409033d23,.nsbtx,NSBTX texture,42545830fffe0100c802000010000100
162,/data/namein.narc,4290048,4306264,16216,7143a5494cdd8f390b60da3dc7cb5ad9577f61dd6b1d27c9f941b4935c4c68f2,.narc,NARC archive,4e415243feff0001583f000010000300
163,/data/nfont.NCGR,4306432,4339248,32816,e410717b2e20e7480fd141fb3d03cb5da2b3b847f879957466bed40c1b0341b7,.ncgr,NCGR graphics,5247434efffe00013080000010000100
164,/data/nfont.NCLR,4339712,4340264,552,0bf22d2454070563b5620cee5d7ae0f5a730b26ee5a201cbfd320262972df9b5,.nclr,NCLR palette,524c434efffe00012802000010000100
165,/data/pc.nsbca,4340736,4341132,396,7aa84debb0c59cef33397f91465936db833e7f3988665faf4f371d4fbe62c450,.nsbca,NSBCA animation,42434130fffe01008c01000010000100
166,/data/plist_canm.resdat,4341248,4341444,196,e45075ff86460ccae5aca98a556893b3089fafc2afff31b94cf26c674c33c925,.resdat,,03000000140000000000000000000000
167,/data/plist_cell.resdat,4341760,4341956,196,5cfc08fff70e6b544b620482d43c902ba0ca32c9db61bbb8f1137185bfcc140c,.resdat,,02000000140000000100000000000000
168,/data/plist_chr.resdat,4342272,4342588,316,f84160bf538379143e3e8ad1ec80dea5e020d59bf6c15d1766c80a43b2fa6a52,.resdat,,00000000140000000200000000000000
169,/data/plist_h.cldat,4342784,4343200,416,8278e86c245bd6a3e22a2a360c9c33f593d2327467e0257c8594e8ac787afb9c,.cldat,,00000000000000000000000000000000
170,/data/plist_pal.resdat,4343296,4343444,148,f1abc76d96d88132168ad73dfd850c6e6b875a7ec54948e7e9f2ac09998567c7,.resdat,,01000000140000000800000000000000
171,/data/porucase_canm.resdat,4343808,4343884,76,9bdcc1919c667a68fb4cbfbfe4fb7a0b3e112c8052b82d4026bd54ede817729e,.resdat,,03000000530000000700000000000000
172,/data/porucase_celact.cldat,4344320,4344416,96,98da22b91ed5487b9daa2d1b200c150b6dfea5a8c0426fb2dffc204848b15fd6,.cldat,,00000000000000000000000000000000
173,/data/porucase_cell.resdat,4344832,4344908,76,ae15f03165e11e9126cabd75e06573794ad6079c74d63b27193c9bed592734e0,.resdat,,02000000530000000600000000000000
174,/data/porucase_chr.resdat,4345344,4345420,76,c42ad0ab9664ac46b9a6db1f1e38391fafb210d8113519166126cb268d0b88e5,.resdat,,00000000530000000400000000000000
175,/data/porucase_pal.resdat,4345856,4345908,52,a31b47ea496719503fc802d7e87541a3585423b0392150aa9432827358e05269,.resdat,,01000000530000000100000000000000
176,/data/pst_canm.resdat,4346368,4346804,436,cdd4b1795f2937acba5a2fbd621e7d9b87d9fd63e0f6c1e3af5ced1055abf557,.resdat,,03000000270000002f00000000000000
177,/data/pst_cell.resdat,4346880,4347316,436,853cc46a9ca084d641d0c35528ee8b4423559e9f98d79a5c2cfbd43e38166a6e,.resdat,,02000000270000003000000000000000
178,/data/pst_chr.resdat,4347392,4348452,1060,0a884a16edd6572b766898feef4a5dd1a585415ba14499b9137c10531236856a,.resdat,,00000000270000001500000000000000
179,/data/pst_h.cldat,4348928,4350336,1408,436de87b1b9a4ac7a078b9db17453fe86567207c252d5245f03083f8d974512e,.cldat,,00000000060000000000000000000000
180,/data/pst_pal.resdat,4350464,4350636,172,d8861f3a3cbde453ec5ee8d4b305f47a81229b94f2514490ec42ae5acbcda069,.resdat,,01000000270000004500000000000000
181,/data/shop_canm.resdat,4350976,4351076,100,823fcb63ac3823f4465aa0ff1e3f1aad19d9e55b474de831c9068055b91e2b65,.resdat,,030000003e0000000600000000000000
182,/data/shop_cell.resdat,4351488,4351588,100,eb0b7ead8bac9b90762be6f339fe2504f489fe9a298759e91f5b4bfcf8e5acfa,.resdat,,020000003e0000000500000000000000
183,/data/shop_chr.resdat,4352000,4352100,100,005159feb5641bd7d1218bfd92305c98d3253ab6a5dffd6305f18baef52b0234,.resdat,,000000003e0000000400000000000000
184,/data/shop_h.cldat,4352512,4352640,128,39efe178b8d718386cd8d9a5fcd5ec5aca0934b6840b7147609dd2e844b97b1a,.cldat,,00000000000000000000000000000000
185,/data/shop_pal.resdat,4353024,4353100,76,8cd4a0abea77d5a26e519d25f416c068930d49dae2ba51bfd180cb5a5b6d6040,.resdat,,010000003e0000000a00000000000000
186,/data/slot.narc,4353536,4441924,88388,f8f3652b02d4ca83e6962e925333721d7e01d8ce004ae4ada7bc5493b05e4b49,.narc,NARC archive,4e415243feff00014459010010000300
187,/data/smptm_koori.NANR,4442112,4442275,163,8b86c5a47c78fad0302baee732fb713abf1b3ff0a80e84164514cb20c56aba55,.nanr,NANR animation,524e414efffe0001a300000010000300
188,/data/smptm_koori.NCER,4442624,4442839,215,cab213e4865c507e57a2530d8647b1adaee6f68c33bd28e1b319c95c66435e35,.ncer,NCER cell,5245434efffe0001d700000010000300
189,/data/smptm_koori.NCGR,4443136,4446384,3248,0bbdb832a2e68b212b7d16e2a33422bdd0b6e534691b3f98ed1c0f7461665583,.ncgr,NCGR graphics,5247434efffe0101b00c000010000100
190,/data/smptm_koori.NCLR,4446720,4447272,552,e8b3ecf1147d10858d39b4778e12f7799156b37d355235146bce06c0f7918ba2,.nclr,NCLR palette,524c434efffe00012802000010000100
191,/data/smptm_nemuri.NANR,4447744,4447855,111,02501a6a5ce892afbfaf7aaf1ac388045db6e55ade71548a00cc3a91b7fb3f37,.nanr,NANR animation,524e414efffe00016f00000010000300
192,/data/smptm_nemuri.NCER,4448256,4448355,99,c3325d4ceb81ca33fecea1cf20ff792369cf038863e3875af4305afb6791f7a0,.ncer,NCER cell,5245434efffe00016300000010000300
193,/data/smptm_nemuri.NCGR,4448768,4449328,560,8aedbf79a2c78ed76691eaa997a1a9b409aab774f94d02b928e44282b560a50d,.ncgr,NCGR graphics,5247434efffe01013002000010000100
194,/data/smptm_nemuri.NCLR,4449792,4450344,552,7072a697c60eb373779b149f3113041ff5111d7bb898ec44fd6bd7c62c4ac62d,.nclr,NCLR palette,524c434efffe00012802000010000100
195,/data/t3_fl_b.nsbtx,4450816,4451408,592,a11539bf20040b840209de86dde37c3aa1ec26058f5b782da16bf3a0cb663257,.nsbtx,NSBTX texture,42545830fffe01005002000010000100
196,/data/t3_fl_p.nsbtx,4451840,4452432,592,d01550848b0f4124ee32f8279744cbb939f6544747896660b99150c6eeb62b44,.nsbtx,NSBTX texture,42545830fffe01005002000010000100
197,/data/t3_fl_r.nsbtx,4452864,4453456,592,67c4f0ad6b0ba3b4ad9e576cd0739729aa37112639786c774d26e9f2c69a9f5d,.nsbtx,NSBTX texture,42545830fffe01005002000010000100
198,/data/t3_fl_y.nsbtx,4453888,4454480,592,9b3b8aa1df95dc347cc684692c36ad1df49a81815c68b0a0d23cebf4f92d05aa,.nsbtx,NSBTX texture,42545830fffe01005002000010000100
199,/data/test.atr,4454912,4456960,2048,f955bdcb6611c4e3033cf5104e01c732001da4a79e23f7771fc6f0216195bd6e,.atr,Nintendo LZ11,11111111111111111111111111111111
200,/data/tmap_block.dat,4456960,4461332,4372,a68faa282a2f7f35073d1038d432e68054efa63b6a322c47bba069f3158e6ab9,.dat,,b600000003001a00010016000200ffff
201,/data/tmap_flags.dat,4461568,4462300,732,a1b0002fe43379e9bff3d8e50ce6cbfba185640945f1d523ebe2ba84049b3413,.dat,,b6000000000000000000000000000000
202,/data/tmapn_canm.resdat,4462592,4462740,148,72425a598afa45b0bdddfabab629b5bcb943637671b4ed84b60af97546f60c8a,.resdat,,03000000110000000600000000000000
203,/data/tmapn_celact.cldat,4463104,4463296,192,fd393f5096a32d5931f4654f1eb758ba878749e44a188d30c06a37a24933ea66,.cldat,,00000000010000000000000000000000
204,/data/tmapn_celact.txt,4463616,4463884,268,8152f0391dee4c278cc3a66f526ed03079522533205a636c902166516afe7d42,.txt,Nintendo RLE,302c312c302c302c6e2c6e2c302c302c
205,/data/tmapn_cell.resdat,4464128,4464276,148,ef5015c57fa94c1c7c8c58005f7b067b1b3b7232520f4c640ed248edd281eaf0,.resdat,,02000000110000000500000000000000
206,/data/tmapn_chr.resdat,4464640,4464788,148,38bbe458432e856b8dfac9430db63d10f243d0e914667e5ba3f81202b1da90eb,.resdat,,00000000110000000400000000000000
207,/data/tmapn_pal.resdat,4465152,4465228,76,e27ac43992dec007f7f0eeeb01435a3c55efcc40699fc72749c1e1fba8d5730d,.resdat,,01000000110000000200000000000000
208,/data/tmapn_res_canm.txt,4465664,4465834,170,406713c3a6ca63c7cbb6ea999821dba41ff93ac55c315ee20b551ab86ed97d6d,.txt,,332c312c0d0a31372c362c302c302c09
209,/data/tmapn_res_cell.txt,4466176,4466362,186,60b5ca5d92731d92e53b1dcfba5be6ce71ffefc7352f2674b781bd283c49e3d0,.txt,,322c312c0d0a31372c352c302c302c09
210,/data/tmapn_res_chr.txt,4466688,4466908,220,884025c767a9a17a29aa0fd3d659a8af69d004fab778c988587ae8bec7b5fa12,.txt,Nintendo RLE,302c312c0d0a31372c342c302c302c32
211,/data/tmapn_res_pal.txt,4467200,4467349,149,c7a4e4407de1c66fa9f30e55af1fdfde1b7f018ae55866fdd4f94a0d53c4881b,.txt,,312c312c0d0a31372c322c302c302c31
212,/data/tradelist.narc,4467712,4478580,10868,69ff435241dccf7824b576313f539c64ee48d0b3d148f2926e8f8abc9dca0f5b,.narc,NARC archive,4e415243feff0001742a000010000300
213,/data/trapmark.narc,4478976,4479588,612,6f577df39a0bc2efb3605011ec4b424575c4316d5c361f88a461d7ac89455a79,.narc,NARC archive,4e415243feff00016402000010000300
214,/data/ug_anim.narc,4480000,4503680,23680,cd49b51638dcf62c8f98725b613496d430b88ceab8c890d152f615548c69fb89,.narc,NARC archive,4e415243feff0001805c000010000300
215,/data/ug_base_cur.nsbmd,4504064,4505748,1684,3a6a9145c00acfda492b047cab5d7ad275c4cda60c58b7a01a72fbe3a3c0a101,.nsbmd,NSBMD model,424d4430fffe02009406000010000200
216,/data/ug_boygirl.NCGR,4506112,4510768,4656,48d58205e3af7664dee5a0391fd9235cf6d6c6e4ea1dc09e3c2c1720b196f8b4,.ncgr,NCGR graphics,5247434efffe00013012000010000100
217,/data/ug_boygirl.NCLR,4511232,4511784,552,5b223381bb291856354054377270449984122dc23178863f25dc13e6e84aab15,.nclr,NCLR palette,524c434efffe00012802000010000100
218,/data/ug_fossil.narc,4512256,4528344,16088,4f48a58a7eaedfe8274d27bc35ca478f9d66e677a8fe766f3fd8ceaaf6642236,.narc,NARC archive,4e415243feff0001d83e000010000300
219,/data/ug_hero.NANR,4528640,4528889,249,9082d4c4ec380836f4b632c390b3920d281b0ca5d88400f7a92110e8b192d5e6,.nanr,NANR animation,524e414efffe0001f900000010000300
220,/data/ug_hero.NCER,4529152,4529417,265,a5ae217f2e4880f1aee8ebf3d3577bf1bef40e22f9c7ff48076dcddfed8ddf47,.ncer,NCER cell,5245434efffe00010901000010000300
221,/data/ug_hole.NANR,4529664,4529878,214,bfd73e8fffad25a2db44e513c11069c0f3d13726d5db00ecd7eb91202009026c,.nanr,NANR animation,524e414efffe0001d600000010000300
222,/data/ug_hole.NCER,4530176,4530338,162,146cc38ba450df40c78773790564d35c3799a8b308b5c3bfd381be7f6920b55b,.ncer,NCER cell,5245434efffe0001a200000010000300
223,/data/ug_hole.NCGR,4530688,4532016,1328,d18c686e78cb6a83168cad8df2ef75a489ad4854dcf9c2e14add46868f7daae6,.ncgr,NCGR graphics,5247434efffe00013005000010000100
224,/data/ug_parts.narc,4532224,4665244,133020,6aef71920a64161cb0879222c36a89a2b6a2be34db605b8ad68766c2b5f2c68d,.narc,NARC archive,4e415243feff00019c07020010000300
225,/data/ug_radar.narc,4665344,4679784,14440,38c022b32cbfb6be13a80aef230dceb386785284da947a1357a44d8a6019fec2,.narc,NARC archive,4e415243feff00016838000010000300
226,/data/ug_trap.narc,4680192,4801964,121772,41fd698d83b7f883100b7cd2d2796486ac6fd2293da4736e1fda7bbaee571fc3,.narc,NARC archive,4e415243feff0001acdb010010000300
227,/data/ugeffect_obj_graphic.narc,4802048,4821864,19816,7b5ddd52efc8daeb79eb517c71f72c2f6da461a4723eb80cc72ef7ea065d2ffb,.narc,NARC archive,4e415243feff0001684d000010000300
228,/data/uground_cell.resdat,4822016,4822092,76,0c50e13f1dbcb0851e33cf7ef4a77ea35c42699eaef90e356150990478924e38,.resdat,,020000002f0000000500000000000000
229,/data/uground_cellanm.resdat,4822528,4822604,76,6190918be0b8fa7b3ba260ac05ebad1916229248157803c65fa038cec2f2c636,.resdat,,030000002f0000000400000000000000
230,/data/uground_char.resdat,4823040,4823116,76,badc16d06b427eb138241e53ad783835a0ba4149125e4649c89a5ad2a0861461,.resdat,,000000002f0000000000000000000000
231,/data/uground_char2.resdat,4823552,4823628,76,66ca5e25a5e8df7eea64adb0d7418ea423ac1c8c969336be267b5ee064c8a617,.resdat,,000000002f0000000200000000000000
232,/data/uground_clact.cldat,4824064,4824160,96,e2fbcefbe3bbc036c8471198c98595e364ef428711dfc428558417edae75c322,.cldat,,00000000000000000000000000000000
233,/data/uground_pltt.resdat,4824576,4824628,52,d5fc6e80c4477cc6d53399932068fa32203020c22ecae81849b366aae12e34a0,.resdat,,010000002f0000000100000000000000
234,/data/uground_pltt2.resdat,4825088,4825140,52,cae65e73a4ac3ccbf8f7b82dfd96a1b1bf04fe0f2227bee08eccfb569fe3e2a8,.resdat,,010000002f0000000300000000000000
235,/data/underg_radar.narc,4825600,4867124,41524,f02b453a55678f112c31b7a78b794d132b25212641a767f83f3cf42017cd704d,.narc,NARC archive,4e415243feff000134a2000010000300
236,/data/UTF16.dat,3379200,3379690,490,2e66cc1325a472ba8de7c88562216f02f6d478743f29e99732c2c58a10bfc728,.dat,,fffe0030413042304330443045304630
237,/data/utility.bin,4867584,5765824,898240,1d2ec39e86493319e724dc1deef8da848b794a4bb36176218fd6532727db4774,.bin,Nintendo LZ10,1000000098140000c0140000b00a0000
238,/data/weather_sys.narc,5766144,5829800,63656,a52f8b2f311a1397a1a97a011d904f5ca28e6674239f16605515a5b5eeee59c3,.narc,NARC archive,4e415243feff0001a8f8000010000300
239,/data/wifi.ncgr,5830144,5830720,576,d43dc9dedac998e67448e69e7f9f31732528154b672f6cc6e2efa522c5751524,.ncgr,NCGR graphics,5247434efffe01014002000010000200
240,/data/wifinote.narc,5831168,5845836,14668,85e6f3744806c16014eff71abcfe70e4cd7b60cc80bebdb542617f92df00c82b,.narc,NARC archive,4e415243feff00014c39000010000300
241,/data/wifip2pmatch.narc,5846016,5861908,15892,aeeec3912fc435255ab8f076a5124c8afa6866b6710ec09f9a71f137165ed20f,.narc,NARC archive,4e415243feff0001143e000010000300
242,/data/wm.ncgr,5862400,5862976,576,ced58383a0c9395fe6975f2cef706e2e7b527e4dd4006ea1276555412dfc4bf7,.ncgr,NCGR graphics,5247434efffe01014002000010000200
243,/data/wm.nclr,5863424,5863976,552,b087be2bd632abd639697f70afbd955d2e51ab5205ef8a991f9490af54e526d2,.nclr,NCLR palette,524c434efffe00012802000010000100
244,/data/mmodel/fldeff.narc,35922432,36036760,114328,6bd19c67ab558cebe32bfc8c031ff2995ad2f494ff8826eff781cd6a0c24c701,.narc,NARC archive,4e415243feff000198be010010000300
245,/data/mmodel/mmodel.narc,34708480,35922012,1213532,888316b815ca5c290cf13865005536cba79ed2ee84982d391cd348a390993bcf,.narc,NARC archive,4e415243feff00015c84120010000300
246,/data/sound/sound_data.sdat,5864448,13349216,7484768,c3f5535dfae0bde260b39accef3a72149d735d62aa4b68ec34ed4ba3516672c8,.sdat,SDAT sound archive,53444154fffe00016035720040000400
247,/demo/egg/data/egg_data.narc,58847232,58858236,11004,c4fcc55205b9fbc52a00fad3451b6f8766e94bb05f90578ff7f66cc78ea8a134,.narc,NARC archive,4e415243feff0001fc2a000010000300
248,/demo/egg/data/particle/egg_demo_particle.narc,58858496,58868204,9708,97429870ad23f453d0d10aae69d899ddc9825b2ecd6fe06917563d9f54b4819a,.narc,NARC archive,4e415243feff0001ec25000010000300
249,/demo/intro/intro.narc,59127296,59238796,111500,848fee0f0e9d86bdf02709749ab8a7908e2c9e3a598a528c5f8f00a03f6d4649,.narc,NARC archive,4e415243feff00018cb3010010000300
250,/demo/intro/intro_tv.narc,59238912,59296224,57312,a2b72b17bdb24a6b7229a30244b06e718c3e923887912cd035bd4c30c1410b60,.narc,NARC archive,4e415243feff0001e0df000010000300
251,/demo/shinka/data/particle/shinka_demo_particle.narc,59117568,59126932,9364,4519249fa8c3c6da9c20579dde3a6447aaa77b05f5c33f8f92eff5cbdbd4a3b1,.narc,NARC archive,4e415243feff00019424000010000300
252,/demo/syoujyou/syoujyou.narc,59915264,59941060,25796,2864aeaf82701fc0c9668ad609779a41a97a347d43c1b2207fb053516ab0b7f3,.narc,NARC archive,4e415243feff0001c464000010000300
253,/demo/title/op_demo.narc,59296256,59915144,618888,8336cb1c146eb1d18f0bd5ac61b83327ab2f952667cc65c27523f2c695933aaf,.narc,NARC archive,4e415243feff00018871090010000300
254,/demo/title/titledemo.narc,58557952,58786064,228112,78f6975f4c51cda3ade8c4d9547786d48632d3a7c8f73be9d8042c55adc69f60,.narc,NARC archive,4e415243feff0001107b030010000300
255,/dwc/utility.bin,60271104,61169344,898240,1d2ec39e86493319e724dc1deef8da848b794a4bb36176218fd6532727db4774,.bin,Nintendo LZ10,1000000098140000c0140000b00a0000
256,/fielddata/areadata/area_data.narc,40980480,40981476,996,e839931d138154a330ce9bfd04b0db8da5ac4f2d28f73919e2abe5e6da2b5e6e,.narc,NARC archive,4e415243feff0001e403000010000300
257,/fielddata/areadata/area_build_model/area_build.narc,40981504,40986228,4724,2b6b92d60559faacd6682355303462e135f3eda456f0b2a28a25bc46ec37c6aa,.narc,NARC archive,4e415243feff00017412000010000300
258,/fielddata/areadata/area_build_model/areabm_texset.narc,40986624,42187956,1201332,717a9dcca499b1c75f0c31cbd37f0e24b2703bf03c61e92bb5553dcfb0dfd6a7,.narc,NARC archive,4e415243feff0001b454120010000300
259,/fielddata/areadata/area_map_tex/map_tex_set.narc,42188288,43445072,1256784,d333762813f9d4fb136a9d1bab08f06e612902b5e16f8cd7e28866179d16fb3d,.narc,NARC archive,4e415243feff0001502d130010000300
260,/fielddata/areadata/area_move_model/move_model_list.narc,43445248,43446488,1240,a7c17c4e3c40975ca46762ebbf7dc0aedc02793c50b2f030cc220f766ecd52ba,.narc,NARC archive,4e415243feff0001d804000010000300
261,/fielddata/build_model/build_model.narc,39043584,40961996,1918412,9162d14c30396dadb096ed31bf05abb5f1faf81c233b8b7f54ec56e3e23069fc,.narc,NARC archive,4e415243feff0001cc451d0010000300
262,/fielddata/build_model/build_model_matshp.dat,40962048,40967972,5924,713dd40dec5a55b1a615d93f67d8736cec74e766b432441dc2c2e2d9c0b6dc95,.dat,,1702b103010000000100010001000200
263,/fielddata/encountdata/d_enc_data.narc,38884864,38963972,79108,8872da981014c6da71a0ba6d20ad05ccefafa3e1895d9b1295f588fd7af64080,.narc,NARC archive,4e415243feff00010435010010000300
264,/fielddata/encountdata/p_enc_data.narc,38964224,39043332,79108,41be039d459f5eeacfb537a79d3237cfe3b0ba9d3e4310f40d6d2c20853839e6,.narc,NARC archive,4e415243feff00010435010010000300
265,/fielddata/eventdata/zone_event_release.narc,38744576,38884596,140020,3b61439a26b1c4bc6de9b1301a5a3073f6edf2b392082a4427e8ef3228bb23a4,.narc,NARC archive,4e415243feff0001f422020010000300
266,/fielddata/land_data/land_data_release.narc,43446784,58224940,14778156,1c8d3c0e0c2de3170a61c8b021e4a1c6e8ece54fbe65f4c7faff2bcc83b1e1e1,.narc,NARC archive,4e415243feff00012c7fe10010000300
267,/fielddata/mapmatrix/map_matrix.narc,40968192,40979992,11800,22190b1455e3655a239ff6340c577d03839247725d6a01dcf11931c549fdb339,.narc,NARC archive,4e415243feff0001182e000010000300
268,/fielddata/maptable/mapname.bin,59091456,59100400,8944,e15a660b77b361cfdce4b4b11d3aabdb7d001c4febccc697d9518628354a3fe8,.bin,,45564552595748455245000000000000
269,/fielddata/mm_list/move_model_list.narc,58868224,58868836,612,565877e4a06cb02b58f02a3f261735d34b1f4fc7c5801b0afb3a9e78c4860e82,.narc,NARC archive,4e415243feff00016402000010000300
270,/fielddata/pokemon_trade/fld_trade.narc,59117056,59117460,404,f7884ee1a0b23399f4e9cb6317b1d61ee10cf99a6ed8bb64f971e79fd27f4101,.narc,NARC archive,4e415243feff00019401000010000300
271,/fielddata/script/scr_seq_release.narc,30869504,31089112,219608,c62e6f7f537fbff6604ba0e7985270ace40562d5a6912f2661b892545f039af7,.narc,NARC archive,4e415243feff0001d859030010000300
272,/graphic/bag_gra.narc,31089152,31194740,105588,5e1d21ef61cc5a3236f83a785295e5f8354706623e0898ab39a114e235b75c1d,.narc,NARC archive,4e415243feff0001749c010010000300
273,/graphic/box.narc,31195136,31308576,113440,91851f69a7d2349126a90c1b4c0d517b1f09b518434ce5e6c5a10c88efa8d848,.narc,NARC archive,4e415243feff000120bb010010000300
274,/graphic/btower.narc,31308800,31325688,16888,44ed333d18cbf238ccf8e3b40777ef5865f8b1607f2c9523eb86d66ac9113b17,.narc,NARC archive,4e415243feff0001f841000010000300
275,/graphic/config_gra.narc,31325696,31326380,684,cd4fdb2d299ace3698da3ca72f4acf961759128fa4fd08dc3afe50c0396778e6,.narc,NARC archive,4e415243feff0001ac02000010000300
276,/graphic/demo_trade.narc,31326720,31358232,31512,84c5643070177367c342b8d5a18c679639b03c305b77933fb007a929e74f99cf,.narc,NARC archive,4e415243feff0001187b000010000300
277,/graphic/dendou_demo.narc,31358464,31360028,1564,d3f76c5c4cc8c5fa92b659a0e8442e36eb9523d8f4fd33144f684926995e9e95,.narc,NARC archive,4e415243feff00011c06000010000300
278,/graphic/dendou_pc.narc,31360512,31361180,668,3844b3b7482c93aa0e6397e3ed09f390e61e10bbc839b902ed26760b30c68dae,.narc,NARC archive,4e415243feff00019c02000010000300
279,/graphic/ending.narc,31361536,31695004,333468,a1584955051e0f3d5394b98c60e1f4c4400652ed841999dc33a2344d0d9c9941,.narc,NARC archive,4e415243feff00019c16050010000300
280,/graphic/ev_pokeselect.narc,31695360,31835940,140580,57f6359243b2e663b5a23aa525f2719f0f2333e419580d4dbb227fc015be02b0,.narc,NARC archive,4e415243feff00012425020010000300
281,/graphic/f_note_gra.narc,31836160,31846780,10620,3a1b1600f28697f037f39be18786cb600a020bebba6e26e85971bb813e0e2b3a,.narc,NARC archive,4e415243feff00017c29000010000300
282,/graphic/field_board.narc,31846912,31890172,43260,64865ba617900ee04abc7dc4090db2b0c128fba907eb65ee2a734090bdf9dca9,.narc,NARC archive,4e415243feff0001fca8000010000300
283,/graphic/field_encounteffect.narc,31890432,31929096,38664,6fdf8c5486042c5401361a9a3c7cfd772771afe409b288fed50ec074167538df,.narc,NARC archive,4e415243feff00010897000010000300
284,/graphic/fld_comact.narc,31929344,31930212,868,1ca3e421c0ad0a380bc6ecb063aba373097af1f80e70113c87f245185b7bc437,.narc,NARC archive,4e415243feff00016403000010000300
285,/graphic/font.narc,31930368,32065112,134744,be387cbeec816dbad5065a38023971262523141362aded9c834a0b29e7172ee8,.narc,NARC archive,4e415243feff0001580e020010000300
286,/graphic/fontoam.narc,32065536,32066980,1444,5ccff2254dbf1fe7df12be151d74de7b5a6c6d44c49d3a3fc0cee77419ed1fb7,.narc,NARC archive,4e415243feff0001a405000010000300
287,/graphic/hiden_effect.narc,32067072,32099348,32276,85d834c089435928fcea971930c872f0cb62040ddd421a25c8e4dda91910a7dc,.narc,NARC archive,4e415243feff0001147e000010000300
288,/graphic/imageclip.narc,32099840,32355376,255536,b9e5fdc4781e07ff904efb3605eec2b94824c8ef8e4f04f7d9745612efeded99,.narc,NARC archive,4e415243feff000130e6030010000300
289,/graphic/mail_gra.narc,32355840,32462640,106800,e0c78256d8335716657696d8363b71671606d5634d69e0cfdeb188ee9fde7655,.narc,NARC archive,4e415243feff000130a1010010000300
290,/graphic/menu_gra.narc,32462848,32482160,19312,63bbfa26edf4845d061ea5784b7b73186f73cb5e5f394ca57239a62905d3f776,.narc,NARC archive,4e415243feff0001704b000010000300
291,/graphic/mysign.narc,32482304,32486584,4280,f36c892150dee7567ade0c901eb52ae2fa9d814a53fdeddfa63dd48c46cdc94f,.narc,NARC archive,4e415243feff0001b810000010000300
292,/graphic/mystery.narc,32486912,32517828,30916,573a8e721970849947bc3e5cd439b13aa0297d382fc4d9870af1a81e2ff786d1,.narc,NARC archive,4e415243feff0001c478000010000300
293,/graphic/ntag_gra.narc,32518144,32702064,183920,1b969b5e73d02857755726622b61c5251dfa3f068a410296d193d22fa6d44d6f,.narc,NARC archive,4e415243feff000170ce020010000300
294,/graphic/nutmixer.narc,32702464,32883444,180980,2389bcbcfb89db63fee618ee6b2748bf7ff2c306d1f55d989cbb771fc0f236bb,.narc,NARC archive,4e415243feff0001f4c2020010000300
295,/graphic/oekaki.narc,32883712,32889124,5412,a81ac3264060405b30d9393f0dfc6bde237479fed739e124310e09991a5be4a1,.narc,NARC archive,4e415243feff00012415000010000300
296,/graphic/opening.narc,32889344,32916924,27580,a7f697f95321dcfb2e9c8f155daa0b032932c42215a627e0e2397cd455c61d20,.narc,NARC archive,4e415243feff0001bc6b000010000300
297,/graphic/plist_gra.narc,32916992,32957100,40108,afc98cdfaa34fe70ebc99f219682c3ce989b648ad91fcfcfb42bfd81294f4cf5,.narc,NARC archive,4e415243feff0001ac9c000010000300
298,/graphic/pmsi.narc,32957440,32970084,12644,0654fe9ef26ab42e224dc0992aa02776834522c7902edb7fe4ef1a0db5db7a5e,.narc,NARC archive,4e415243feff00016431000010000300
299,/graphic/poketch.narc,32970240,33029060,58820,5235827d35c2f6c3ddbf6f8efcf809b56d545d3e902091d4a4c6cbd7640cb1db,.narc,NARC archive,4e415243feff0001c4e5000010000300
300,/graphic/poru_gra.narc,33029120,33056228,27108,9b60ede5071fed56136a5fcd31e062f0ed0fa58f3d02e0471664ea8400c8371f,.narc,NARC archive,4e415243feff0001e469000010000300
301,/graphic/poruact.narc,33056256,33061548,5292,3690bbdc63e30a2ed1a8b7082593f0aab37c1ee3bab29c415612ef9424b356b8,.narc,NARC archive,4e415243feff0001ac14000010000300
302,/graphic/porudemo.narc,33061888,33070700,8812,2a62543af8b1f73ecca4a902b1e7d384c4785dc865923d0a08ae00c013f01d65,.narc,NARC archive,4e415243feff00016c22000010000300
303,/graphic/pst_gra.narc,33071104,33198256,127152,450b0dfde96b5a34b7b0634a994615203b6c5a2e7f616d12b451fe98ea6226a0,.narc,NARC archive,4e415243feff0001b0f0010010000300
304,/graphic/ranking.narc,33198592,33203912,5320,41edac6df8e779a1fa6dbab5e60856b931050533f461cd6765ee5cdb5bc43aae,.narc,NARC archive,4e415243feff0001c814000010000300
305,/graphic/record.narc,33204224,33227204,22980,b7b8f40a3f42e4cfa4ca895d0614a27c47b2264e3cd9cff60687de6c524999fd,.narc,NARC archive,4e415243feff0001c459000010000300
306,/graphic/shop_gra.narc,33227264,33237312,10048,50e3c3b71806810a03494973501b2ab36184b77d5397d6ecb3616e33eccaa693,.narc,NARC archive,4e415243feff00014027000010000300
307,/graphic/tmap_gra.narc,33237504,33323280,85776,9c53a93615844943d312d01aa6c5736f07cb3d8bd29c07a5fbff3bdb7b93d374,.narc,NARC archive,4e415243feff0001104f010010000300
308,/graphic/touch_subwindow.narc,33323520,33325976,2456,1b0cb1819a86dfb284d380a999820c303523ccb4523dd6c040886064d36d7c57,.narc,NARC archive,4e415243feff00019809000010000300
309,/graphic/trainer_case.narc,33326080,33554400,228320,009131c495f817defdd9b5639ba113c89efda62951d5a36f5f2c6ef8d96f1a2b,.narc,NARC archive,4e415243feff0001e07b030010000300
310,/graphic/unionroom.narc,33554432,33559056,4624,18af9494db8ab737185c930bb3ffa6db52b3b11a643108bc1eae48305ad24428,.narc,NARC archive,4e415243feff00011012000010000300
311,/graphic/waza_oshie_gra.narc,33559552,33571636,12084,6fca079a9b8ac505a6825bf703423bba492e14eac7c292f181c702761c572dd1,.narc,NARC archive,4e415243feff0001342f000010000300
312,/graphic/winframe.narc,33571840,33606884,35044,656ad458e1a40d6f30adcfa01f958ab01b205721e28ce804833f3cc5c95dfede,.narc,NARC archive,4e415243feff0001e488000010000300
313,/graphic/worldtrade.narc,33607168,33653976,46808,c58d7070ae9e30d4c0ff7da0aab73b715755ae46adf3cfc3fe1b2e4d23b20981,.narc,NARC archive,4e415243feff0001d8b6000010000300
314,/itemtool/itemdata/item_data.narc,33654272,33673772,19500,a6cfe6df97f24b191d782fe0ab14a9c067a9b496afd12180b4904f56e8740c7e,.narc,NARC archive,4e415243feff00012c4c000010000300
315,/itemtool/itemdata/item_icon.narc,33674240,34069680,395440,20dcd51401a18b37ef01ab62c8eb8307c6cd6a6d9c5ef6722fd6d4ba92d20b01,.narc,NARC archive,4e415243feff0001b008060010000300
316,/itemtool/itemdata/nuts_data.narc,34070016,34071348,1332,671d1d33478a40e89f5d9811827649b880666321bf7dfe83b4c7be4fce69c97e,.narc,NARC archive,4e415243feff00013405000010000300
317,/msgdata/msg.narc,13349376,16044560,2695184,f291040fa010137cabb12a5661e9cece845a460788dae94fbe740e04aa98fd06,.narc,NARC archive,4e415243feff00011020290010000300
318,/msgdata/scenario/scr_msg.narc,16045056,16051804,6748,89e84ab4475c85ad4358761c89c69c16f51c024041d2081a1da6ad1ad51b7cba,.narc,NARC archive,4e415243feff00015c1a000010000300
319,/particledata/particledata.narc,58344448,58378748,34300,eea55fb469d825b97c734b7ccc537f9c774fd54da70668fda418cf4ac2482ea6,.narc,NARC archive,4e415243feff0001fc85000010000300
320,/pokeanime/poke_anm.narc,58869248,58894660,25412,32606834ed99b654238499e3b42610d984b61c2cf3f67368f091ccf58e9af217,.narc,NARC archive,4e415243feff00014463000010000300
321,/poketool/pokezukan.narc,59100672,59101720,1048,a8072ca83eccb60cc3d94b0c7be53807e9d39e0895bc82551fd168db54eea381,.narc,NARC archive,4e415243feff00011804000010000300
322,/poketool/shinzukan.narc,59102208,59102572,364,86c2c31f90a1fe9d8ddf7f38187ce9e62c84c7e2aef720ee30b61aeae3871de6,.narc,NARC archive,4e415243feff00016c01000010000300
323,/poketool/icongra/poke_icon.narc,34071552,34649328,577776,3463c546c112f928f2f8e82ee1638b9739d52dea1d72779704ad3cc36cfb6c1b,.narc,NARC archive,4e415243feff0001f0d0080010000300
324,/poketool/personal/evo.narc,29470720,29496824,26104,38bd9dd28f32827246299ed922e05ffd3905c2c445a059b9fd7ec3b56213f5de,.narc,NARC archive,4e415243feff0001f865000010000300
325,/poketool/personal/growtbl.narc,29496832,29500180,3348,ce5c612e32e537da3cdf7808c3f21ab217e83a75ead56027d98a7d84bb1b55d6,.narc,NARC archive,4e415243feff0001140d000010000300
326,/poketool/personal/pms.narc,29500416,29501418,1002,9dbb6af03fb378031a191410d698a8124f8a4b96e501827f5a00d9c3179920c6,.narc,,00000100010001000400040004000700
327,/poketool/personal/wotbl.narc,29501440,29520192,18752,b46d62d1fd781e66a7bda535e3a1c1ab1af2b5aa72778d183c65411b344937d0,.narc,NARC archive,4e415243feff00014049000010000300
328,/poketool/personal_pearl/personal.narc,29444608,29470712,26104,c050a5a4f0ccdd1d9793141fa0f67fb0b252d615763829d9fe79a0f3080c4566,.narc,NARC archive,4e415243feff0001f865000010000300
329,/poketool/pokeanm/pokeanm.narc,59102720,59116612,13892,25af2f6e78a5a8eab609313a6e21b103604753686088ef4c51f212c89c109011,.narc,NARC archive,4e415243feff00014436000010000300
330,/poketool/pokefoot/pokefoot.narc,34649600,34708204,58604,181e87eb2bf79ba6e73124d1f694e801aa48844dcdd85e66c0bd2c707e8f8688,.narc,NARC archive,4e415243feff0001ece4000010000300
331,/poketool/pokegra/height.narc,16052224,16075332,23108,b44492aa09f74d2cf5f41ca13c2f7fc6d8238258c64ef49f2c23c1ac15dccec3,.narc,NARC archive,4e415243feff0001445a000010000300
332,/poketool/pokegra/height_o.narc,16075776,16077460,1684,8dcef49c4815fdd7662b78ad140858fa23fba5971fae866cb6581f3cb0c8f6bd,.narc,NARC archive,4e415243feff00019406000010000300
333,/poketool/pokegra/otherpoke.narc,16077824,16968428,890604,cab7af2e4fef1878af6a7002eecc24c7a1c879166aaf5dfd61ebdc0bd4b92681,.narc,NARC archive,4e415243feff0001ec960d0010000300
334,/poketool/pokegra/poke_shadow.narc,16968704,16969260,556,037338ffc4f027a249f506b8171dc872c875477158f019e4ea503d1ade6255ec,.narc,NARC archive,4e415243feff00012c02000010000300
335,/poketool/pokegra/poke_shadow_ofx.narc,16969728,16970284,556,0e145a476fc5d98620d37f98322efbf812cf597d4b0675beaf87846d3a643885,.narc,NARC archive,4e415243feff00012c02000010000300
336,/poketool/pokegra/poke_yofs.narc,16970752,16971308,556,a5984361e6e9167321a9b4f5ce444a3b628d36520e97e8d9c61c1477ff157969,.narc,NARC archive,4e415243feff00012c02000010000300
337,/poketool/pokegra/pokegra.narc,16971776,28750452,11778676,3320b89c6c84341784f58f9632dbe93b44ee34e0fe16d3a6b8673aed70a9adc2,.narc,NARC archive,4e415243feff000174bab30010000300
338,/poketool/trainer/trdata.narc,29520384,29544236,23852,b459fec85eba6036f328eba6853b85cfe1104c941004052f5ffa7c93d8d472e3,.narc,NARC archive,4e415243feff00012c5d000010000300
339,/poketool/trainer/trpoke.narc,29544448,29566356,21908,612c5d48f937aff12898af92a2e3d37840851d39e289ea7245c4d19b2dfb0a1e,.narc,NARC archive,4e415243feff00019455000010000300
340,/poketool/trgra/trbgra.narc,28750848,28803188,52340,4cdaa08b37d980ca81cf475f148ccea36f71c19cece2c581b015f2164053814a,.narc,NARC archive,4e415243feff000174cc000010000300
341,/poketool/trgra/trfgra.narc,28803584,29444164,640580,4e757a733993340e7b903f0fbe533565b20dad1e972932def4ced01428608917,.narc,NARC archive,4e415243feff000144c6090010000300
342,/poketool/trmsg/trtbl.narc,29566464,29576068,9604,b28373dca644706e57bb643c2b1a24182e62935555158b9ae620dcb48bb86663,.narc,NARC archive,4e415243feff00018425000010000300
343,/poketool/trmsg/trtblofs.narc,29576192,29577952,1760,c473b9eb2e8ebb2761e8f737bde3a871eb6f0b9a2a5116f1dce3c9a10836f76a,.narc,NARC archive,4e415243feff0001e006000010000300
344,/poketool/waza/waza_tbl.narc,30857728,30869084,11356,f9f6a37e8b8170558ce14c4be35c890ff59cc97508a4aa237fdac945dfdffe54,.narc,NARC archive,4e415243feff00015c2c000010000300
345,/resource/eng/trial/trial.narc,60141568,60197860,56292,28844af1506ffb512ee1949d89fd9c5964db1e43170afc020bdc90fa808d9557,.narc,NARC archive,4e415243feff0001e4db000010000300
346,/resource/eng/zukan/zukan.narc,60197888,60270876,72988,6c27d3c79af8a1fda140d730c04afba099dfdb760e1f9e681e1e3dd52b1c5022,.narc,NARC archive,4e415243feff00011c1d010010000300
347,/wazaeffect/we.arc,30467072,30721100,254028,2ee2183ad04a7b4ba20ef1562e25f335081b7501b42ad50d43846be9583367ff,.arc,NARC archive,4e415243feff00014ce0030010000300
348,/wazaeffect/we_sub.narc,30721536,30733860,12324,d4314b2b2a3cfec4b4cac16713e80a20400ea1b03a1e6ce87320174ce6b1f2f9,.narc,NARC archive,4e415243feff00012430000010000300
349,/wazaeffect/effectclact/wecell.narc,30809088,30814452,5364,cef63814ccdb2063e385d88366d4e610061958723b7b0131c7da3f2163749648,.narc,NARC archive,4e415243feff0001f414000010000300
350,/wazaeffect/effectclact/wecellanm.narc,30814720,30819408,4688,0e47c9b5f7c24199bd56d0576f276dabbf4c1d8aa68922caa3ac4ec2699d0865,.narc,NARC archive,4e415243feff00015012000010000300
351,/wazaeffect/effectclact/wechar.narc,30819840,30852916,33076,e6902f8f1eb1b63f9d3f23caf2e6eee4f981f6773a118324d8fff6a9559e5d68,.narc,NARC archive,4e415243feff00013481000010000300
352,/wazaeffect/effectclact/wepltt.narc,30853120,30857600,4480,31f3222bb317406d558a130bcfbff12cf49f76e05dd9f89cda8ef4e319a4a4d2,.narc,NARC archive,4e415243feff00018011000010000300
353,/wazaeffect/effectdata/ball_particle.narc,36037120,36358724,321604,3e87820eea3920c98231f806d166f315f339df9ff9c834c8e5640bb87ffbdd01,.narc,NARC archive,4e415243feff000144e8040010000300
354,/wazaeffect/effectdata/waza_particle.narc,36359168,38741008,2381840,d5ae0e67ce103dfb89f1e34510402789633d02c28c474fd3c1fd0f06b1c45681,.narc,NARC archive,4e415243feff00011058240010000300
355,/wazaeffect/pt_debug/debug_particle.narc,38741504,38744520,3016,15b42228db722e499f072c1fac5f57aa71c388e9aaae1502af2fbcc0d13f8f78,.narc,NARC archive,4e415243feff0001c80b000010000300
