table_index,overlay_id,ram_address,ram_end,ram_size,bss_size,static_init_start,static_init_end,file_id,file_path,file_offset,file_size,file_sha256,compressed_size_field,flags,compression_flag
0,0,35484896,35484928,32,0,35484896,35484900,0,__unmapped__/file_00000,1098752,32,66687aadf862bd776c8fc18b8e9f8e20089714856ee233b3902a591d0d5f2925,0,0,False
1,1,35484896,35484960,32,32,35484912,35484920,1,__unmapped__/file_00001,1099264,32,7d714ebd20b8188e95318e524e9f8b3fb8d4dc194e1be591a1717eb574a5bc6e,0,0,False
2,2,35484960,35484992,32,0,35484960,35484964,2,__unmapped__/file_00002,1099776,32,66687aadf862bd776c8fc18b8e9f8e20089714856ee233b3902a591d0d5f2925,0,0,False
3,3,33523456,33523488,32,0,33523456,33523460,3,__unmapped__/file_00003,1100288,32,66687aadf862bd776c8fc18b8e9f8e20089714856ee233b3902a591d0d5f2925,0,0,False
4,4,35484896,35724896,231136,8864,35700372,35700376,4,__unmapped__/file_00004,1100800,231136,7bade8989412a7f7d12dfe1013ff04fa0aa92a047f6bb6e6865769b4554c427b,0,0,False
5,5,35484896,35886752,156064,245792,35639752,35639756,5,__unmapped__/file_00005,1332224,156064,577193fd5e6469189b35a99e5fb30908d5256e6bbbdcf876158a38ec3bca526a,0,0,False
6,6,35886752,35988544,101760,32,35988020,35988024,6,__unmapped__/file_00006,1488384,101760,f6920dd94a4bd53d52f7013d2820f63c28f9bd48e3adb8822ff60bff0a6baed2,0,0,False
7,7,35724896,35737920,13024,0,35737908,35737912,7,__unmapped__/file_00007,1590272,13024,9aa387f2507e5fb00897b2095737e2d8bfc9153b05feafc4ad93e09e8f4cdea1,0,0,False
8,8,35724896,35837376,112480,0,35837336,35837340,8,__unmapped__/file_00008,1603584,112480,02928071c3bdc21940f57cf8a0eddd75dd081fa3918422703d5c014fffecdabf,0,0,False
9,9,35724896,35766272,41376,0,35766248,35766252,9,__unmapped__/file_00009,1716224,41376,ceeef1bc433239ec4cbf996dbb55ff2a8f7cc8a8501c398805d5f7ceef9a3ea3,0,0,False
10,10,35484896,35484928,32,0,35484896,35484900,10,__unmapped__/file_00010,1757696,32,66687aadf862bd776c8fc18b8e9f8e20089714856ee233b3902a591d0d5f2925,0,0,False
11,11,35837376,36044704,207328,0,36044568,36044576,11,__unmapped__/file_00011,1758208,207328,2d3e2d84d2ff4f8c4bf762b0801374e45312a30286dd84bea6aede912d71ff14,0,0,False
12,12,35837376,35940384,103008,0,35940368,35940376,12,__unmapped__/file_00012,1965568,103008,7b5babd2b68ac51443aa394c627ef75ae02400137f2675563ed5a831bc92bbc9,0,0,False
13,13,35724896,35926560,191456,10208,35911528,35911532,13,__unmapped__/file_00013,2068992,191456,6247397a0bded739df236624c4ed438093535063ef498af28b1786aad6d84935,0,0,False
14,14,35484896,35548064,62752,416,35547592,35547596,14,__unmapped__/file_00014,2260480,62752,a8c8bdcfd94a2a87ba26d6e44c75ef2c0d3b7e329005f94a7e881bfbea753e32,0,0,False
15,15,35484896,35502944,18048,0,35502940,35502944,15,__unmapped__/file_00015,2323456,18048,ebd5074438a9541aaa5d217c03bf1a35c4bc70d2e32747a6f7fbeabb97a7ff30,0,0,False
16,16,35484896,35650016,165120,0,35649988,35649992,16,__unmapped__/file_00016,2341888,165120,abb12393dd6d0f4eaade688b414d342000ba7d9574613d9f93d014cd786254f7,0,0,False
17,17,35484896,35513184,28288,0,35513172,35513176,17,__unmapped__/file_00017,2507264,28288,543271f2630698c60cbd7622cc7afb7a3fa277b363bb2015bf9c2a3a2cf190ee,0,0,False
18,18,35886752,35984384,97504,128,35981400,35981404,18,__unmapped__/file_00018,2535936,97504,8d617521294583913c758ee7fed5524577b28662fb0d0c20650b72f57ee977fc,0,0,False
19,19,35988544,35988800,256,0,35988772,35988776,19,__unmapped__/file_00019,2633728,256,265b3083ee8856d7554732c2149c0389d6797e81bba50cff1803d18357be9774,0,0,False
20,20,35988544,35997760,9216,0,35997752,35997756,20,__unmapped__/file_00020,2634240,9216,c2740e1643d9939671bb6c434058364ef767dbefb50fcf2ea4edb7d1a3169800,0,0,False
21,21,35997760,35999232,1472,0,35999208,35999216,21,__unmapped__/file_00021,2643456,1472,14a8108fc5ab07e72035acda984fd63a237efb1e4b642b779641a6dfde650bfe,0,0,False
22,22,35997760,36001600,3840,0,36001584,36001592,22,__unmapped__/file_00022,2644992,3840,a10cc560afd7af25d9b0382f5f6dc78cfb0104383f9df67fe72461a4724c88ea,0,0,False
23,23,35997760,36004160,6400,0,36004136,36004144,23,__unmapped__/file_00023,2649088,6400,74c2e4a74e4a41f98e90f8513bf496295c35fb5f9d6b8540cc9864af3c21568c,0,0,False
24,24,35997760,36000224,2464,0,36000192,36000200,24,__unmapped__/file_00024,2655744,2464,51a9af3ac5046c880fbf115275c28b4d71ed83a3d7155eadae3baa4968b290c0,0,0,False
25,25,35997760,35999136,1376,0,35999104,35999112,25,__unmapped__/file_00025,2658304,1376,b0f63859a3357cc33ca03d61132d3ea483d8af00c69c12324f66da1dee9af916,0,0,False
26,26,35997760,35999808,2048,0,35999776,35999784,26,__unmapped__/file_00026,2659840,2048,811217f7d65fb474f089e2543b7f9a7ebd74cca6c6ea401a13ddafac2cf91856,0,0,False
27,27,35997760,36000736,2976,0,36000708,36000716,27,__unmapped__/file_00027,2661888,2976,5aa86b3f432e3d940f4a310ff1d337466946765495a0dc8632247ef8e429f94f,0,0,False
28,28,35997760,36003776,6016,0,36003608,36003616,28,__unmapped__/file_00028,2664960,6016,00aced84bacfa312c5fa22d22d3e64f7971a5948530594d0af8ad25cca1e0483,0,0,False
29,29,35997760,36000064,2304,0,36000044,36000052,29,__unmapped__/file_00029,2671104,2304,4c4919bba8d878bd47aaf7b98eb50b4a5860e6337505fb48be8a34c6710a42a7,0,0,False
30,30,35997760,35999296,1536,0,35999272,35999280,30,__unmapped__/file_00030,2673664,1536,c6c45f26007ff97c8e209cd84b58b4b55fead689ea5149700ad7b8a91ee1fb88,0,0,False
31,31,35997760,35999296,1536,0,35999264,35999272,31,__unmapped__/file_00031,2675200,1536,89c406128241e415c7bf16fcf538150bcfdf9349cb1364245563aea2af9ef975,0,0,False
32,32,35997760,35998944,1184,0,35998916,35998924,32,__unmapped__/file_00032,2676736,1184,d98852300f1f773cf30b380201ccab71ff4bc06c0ea2a0c865bc2090f4693022,0,0,False
33,33,35997760,35998560,800,0,35998528,35998536,33,__unmapped__/file_00033,2678272,800,63075a78bde98567ff4e13b4267d2e7a2a71737bfe0435dac38c6899f413f993,0,0,False
34,34,35997760,35998976,1216,0,35998968,35998976,34,__unmapped__/file_00034,2679296,1216,d2b0f9a24b2be9541ca28ed2ebf25adcb87565541ddc47a5954a73be713eb92f,0,0,False
35,35,35997760,36000224,2464,0,36000192,36000200,35,__unmapped__/file_00035,2680832,2464,37aa387a1589b8690872db985b8c5b3773c8eb47ea9270b6a584cf1e7686b1e2,0,0,False
36,36,35997760,36001024,3264,0,36001016,36001024,36,__unmapped__/file_00036,2683392,3264,6d66f8dad90d8c559b499b48f806e3970292631cb9352253e16b2f844e0a2d7c,0,0,False
37,37,35997760,35999168,1376,32,35999120,35999128,37,__unmapped__/file_00037,2686976,1376,5675cac6082947d47367a6d1497112408ba013ebbef1f58277f12a9e59d2baa9,0,0,False
38,38,35997760,36000640,2880,0,36000608,36000616,38,__unmapped__/file_00038,2688512,2880,1a081a06fe528b4163a3cb25649e5f81c2b489f8181eb536cfe5d26f0a7b4e55,0,0,False
39,39,35997760,36001024,3264,0,36000996,36001004,39,__unmapped__/file_00039,2691584,3264,3adcf31153f502f4119a05271c1141177bbf74c720a5419545453f854a5b7926,0,0,False
40,40,35997760,36000928,3168,0,36000896,36000904,40,__unmapped__/file_00040,2695168,3168,201af4d8c1349f1925b6bc2edfb46bd92df32c9701aa8c56017446e77a85b7e0,0,0,False
41,41,35997760,36002176,4416,0,36002164,36002172,41,__unmapped__/file_00041,2698752,4416,70f384984bddc1fad09abb16d793e11d066ad3536312652fdc1d7630b6fe6a64,0,0,False
42,42,35997760,36000064,2304,0,36000028,36000036,42,__unmapped__/file_00042,2703360,2304,4de4706dcb7068ef232cd3a152a6e90088b78f887bd90158e12010552e65179e,0,0,False
43,43,35997760,36000256,2496,0,36000236,36000244,43,__unmapped__/file_00043,2705920,2496,49b5e70784b7d0ad3fef82677b5b49ac55e46239f47960f446b291cab9ebb28b,0,0,False
44,44,35997760,35998944,1184,0,35998908,35998916,44,__unmapped__/file_00044,2708480,1184,525d6ade35a08fd3a4f26d6fee887dc845a0dab1ff0a5aa472ff062400a2d57a,0,0,False
45,45,35997760,36000128,2368,0,36000112,36000120,45,__unmapped__/file_00045,2710016,2368,ab6b494d61ac6104a777ee8f4b9ea5b8fb89ad0c269f24aaaa0807c8de8e545a,0,0,False
46,46,35997760,35998560,800,0,35998528,35998536,46,__unmapped__/file_00046,2712576,800,a5a72cdf09a59631b20c82e4ef5bfe895fa67b8720d8fcbb906c470c4d39297a,0,0,False
47,47,35997760,36000992,3232,0,36000956,36000964,47,__unmapped__/file_00047,2713600,3232,7b09611fa020f64c6b360c604c0d139bd5fa3bf90bedad53d953b60cc1077d62,0,0,False
48,48,35997760,35999968,2208,0,35999952,35999960,48,__unmapped__/file_00048,2717184,2208,4dacdd2d750e430924e40ea7d1b335f046d16bb5208f16b81076e77cfcc51378,0,0,False
49,49,35997760,35999296,1536,0,35999264,35999272,49,__unmapped__/file_00049,2719744,1536,920c9a423c792db211b7b7cc51bbb0c1e2c23f8e9afe87277a1c1a4e1f52bd12,0,0,False
50,50,35997760,35998560,800,0,35998544,35998552,50,__unmapped__/file_00050,2721280,800,91b5449dc04a995c6a9ad343b62523c03441bed4f44c197cb4e2e37b7eb63979,0,0,False
51,51,35997760,36001824,4032,32,36001760,36001764,51,__unmapped__/file_00051,2722304,4032,4a8a6a91a04c91a1838b175d4319be643ea79ba44c1f1d1dd0fe87af49db3919,0,0,False
52,52,35484896,35485920,1024,0,35485904,35485908,52,__unmapped__/file_00052,2726400,1024,d9a7ec93bce0146d9b4cc9114e5b15e39c0ea631b00cd9722f0698aad0b53a21,0,0,False
53,53,35484896,35494240,9344,0,35494024,35494028,53,__unmapped__/file_00053,2727424,9344,9a32bd6c1bfdf295db33c6988355e928c6857a07ce27ca9cc6b9058bc7658536,0,0,False
54,54,35484896,35493984,9088,0,35493844,35493848,54,__unmapped__/file_00054,2737152,9088,4f65f99685313432a4264d0110a3e198bc8e9b8f107e8e8c74cffc0426b315c4,0,0,False
55,55,35484896,35497248,12352,0,35497088,35497092,55,__unmapped__/file_00055,2746368,12352,8a07e23ba4ee3afecc2ee24dd0201700dbb0983fdf54b6cd84c815a170732392,0,0,False
56,56,35724896,35743232,18336,0,35742844,35742848,56,__unmapped__/file_00056,2759168,18336,a1f9f6c2f45e6cd8e797d9f62d6a771b3d9afc1deaf6a1cfd485c59a3e90df64,0,0,False
57,57,35484896,35494432,9536,0,35494416,35494420,57,__unmapped__/file_00057,2777600,9536,dbf1e309f8ffa42eb72d7030b1800d70c94671bdc7adfc6a36fc6192fb397374,0,0,False
58,58,35494432,35499968,5536,0,35499924,35499928,58,__unmapped__/file_00058,2787328,5536,24a76ccd1c10027275b59e95c54f617dd76b6c04b1e79139bfe191357b9d7d16,0,0,False
59,59,35484896,35496192,11296,0,35496188,35496192,59,__unmapped__/file_00059,2792960,11296,7bdcc37edd43f07ec94c0b60b9efe0a65bc285d406a490234f965450aa8140c7,0,0,False
60,60,35484896,35488224,3328,0,35488216,35488220,60,__unmapped__/file_00060,2804736,3328,1439a2471b5defa9b375df64a326f1e4defd787e1c5632d7fff8f84bd1c40a67,0,0,False
61,61,35484896,35489120,4224,0,35489108,35489112,61,__unmapped__/file_00061,2808320,4224,c225cfec79f26745f3f15dcea30852391e7438ed7793e7bac26d1b6a79dbb086,0,0,False
62,62,35837376,35853216,15840,0,35853184,35853192,62,__unmapped__/file_00062,2812928,15840,afd272d84836b3033686f413901df9d799265249fea8f3f6e0bb7d6bf11ee435,0,0,False
63,63,35484896,35504064,19136,32,35503904,35503908,63,__unmapped__/file_00063,2828800,19136,06b3118da1a5624ab96df1ef2c4705471fc2dcbb89c8e9c890cc920c4267be78,0,0,False
64,64,35484896,35492128,7232,0,35492112,35492116,64,__unmapped__/file_00064,2848256,7232,e4e71d5d49ec4ec64d9947f02974006ff160b6b71aa0a10dd3cf1f84e698cdca,0,0,False
65,65,35484896,35497184,12288,0,35497000,35497004,65,__unmapped__/file_00065,2855936,12288,a505b088576d0566c8b1d51bf00c9dbc33ba6f7f52ae51ebe20b3266487027f8,0,0,False
66,66,35484896,35494720,9824,0,35494556,35494560,66,__unmapped__/file_00066,2868224,9824,3ff3ba8e6c10f97cc402197efb99367afd2494142c152e0570b1458794acb3f4,0,0,False
67,67,35484896,35494176,9280,0,35494168,35494172,67,__unmapped__/file_00067,2878464,9280,55d1157f21a13ee06123e73b359ae2fbe0c72732118f06c1da3993e615f57405,0,0,False
68,68,35484896,35490528,5632,0,35490516,35490520,68,__unmapped__/file_00068,2888192,5632,09b2376277cdddc6735b15a88bd70527c09c4a766adc964a5dcb33e468da3ad6,0,0,False
69,69,35837376,35846528,9120,32,35846460,35846464,69,__unmapped__/file_00069,2893824,9120,339c4e128d9f22ee472909e54fa49c3a2fc8c01e6264a078318196b1fb52f301,0,0,False
70,70,35484896,35488512,3616,0,35488476,35488480,70,__unmapped__/file_00070,2903040,3616,af4db01e19e818256c833a22fd57064023eb594abcb54326adac55d758d5e34e,0,0,False
71,71,35837376,35853440,16064,0,35853436,35853440,71,__unmapped__/file_00071,2907136,16064,201305e713a7fd1795b6ab4c374bf6d7b4fa146ff8492a2cde9e630e3faa6b61,0,0,False
72,72,35484896,35484928,32,0,35484896,35484900,72,__unmapped__/file_00072,2923520,32,66687aadf862bd776c8fc18b8e9f8e20089714856ee233b3902a591d0d5f2925,0,0,False
73,73,35484896,35504064,19168,0,35503984,35503988,73,__unmapped__/file_00073,2924032,19168,a69e34c8269c3165fdf6fa3df6ca57515d7b7a34ca6c27b7ef4d5eaa328947e3,0,0,False
74,74,35484896,35489536,4640,0,35489380,35489384,74,__unmapped__/file_00074,2943488,4640,ac397207a6b2d754a235a988a171d5a1ce746228b0b991dcb7bb7cc37ebb3cf3,0,0,False
75,75,35548064,35572096,24032,0,35572092,35572096,75,__unmapped__/file_00075,2948608,24032,1053836431a27fce86ad49059392eb7b1174d9d8b55762ea8747e1b7fb2fce47,0,0,False
76,76,35484896,35492608,7712,0,35492576,35492580,76,__unmapped__/file_00076,2972672,7712,13581b50d3cab7deb180297cfa1ab91b3426e93b266020438c5ae99d743b7ea0,0,0,False
77,77,35484896,35492032,7136,0,35492012,35492016,77,__unmapped__/file_00077,2980864,7136,4672222284e6fda0308545ea9d2da08504e04c21398156ad1c7b77edbb5849f6,0,0,False
78,78,35484896,35486016,1120,0,35485944,35485948,78,__unmapped__/file_00078,2988032,1120,4ed4d0c431938878a9cf25ab573fe2c5935bb59e1cdae24ce108bde87159fbc9,0,0,False
79,79,35724896,35746144,21184,64,35743560,35743564,79,__unmapped__/file_00079,2989568,21184,50ffd469dd8294d3fb3d115979e93019cda6749d7225dc3938b9cfcc0814bb1e,0,0,False
80,80,35837376,35880512,42784,352,35878512,35878516,80,__unmapped__/file_00080,3011072,42784,d2078da15e14fa7ac61a70f9edbaa4d55541b9f08b21e565da2374bb6bd0323f,0,0,False
81,81,35880512,35902560,21888,160,35902364,35902368,81,__unmapped__/file_00081,3054080,21888,bc902834e30e93276bd5a1b2c1bdfcd9e2705463d726ae14b21e94b6f7cda772,0,0,False
82,82,35837376,35847200,9536,288,35846348,35846352,82,__unmapped__/file_00082,3076096,9536,1b32c9290eb520dd8550725608dfcf6890c88115fd9c60cb7ae94814243bdd07,0,0,False
83,83,35837376,35901920,58016,6528,35891068,35891072,83,__unmapped__/file_00083,3085824,58016,8e633a4222dfb780544744ed4bc5a471e4eab3a58f6c572be0beed3bf3e8e89c,0,0,False
84,84,35484896,35499520,14624,0,35499492,35499496,84,__unmapped__/file_00084,3144192,14624,f06fdabe493b7187d99e218f2fb131308adf69e3fc5d4860a3612c9ca3cf9ba4,0,0,False
85,85,35484896,35522016,37120,0,35521952,35521956,85,__unmapped__/file_00085,3159040,37120,fec5d359b3457f922cd37fa1e60af793b33ff8b6500521228de02240637005c1,0,0,False
86,86,35484896,35486976,2080,0,35486948,35486952,86,__unmapped__/file_00086,3196416,2080,90227b2e553a75b5a116463b16e9e23609860f0ee3f8546480078854764bff40,0,0,False
