kind,offset,end,size,sha256,uniform_byte
unreferenced_within_used_rom,1095460,1095680,220,9c4d7ac53bb67d7fb7217871c019e6b0f9432df8950dcc0853c9b18d1d2706cc,
unreferenced_within_used_rom,1098464,1098752,288,c49fd3b652e068233b78f7300696e2201ddf3932072b8b303de297e7d0354827,ff
unreferenced_within_used_rom,1098784,1099264,480,bf9b62d4418d862aa0826a28a846948151da66b8042967382ca6bfd6d7d1cdb2,ff
unreferenced_within_used_rom,1099296,1099776,480,bf9b62d4418d862aa0826a28a846948151da66b8042967382ca6bfd6d7d1cdb2,ff
unreferenced_within_used_rom,1099808,1100288,480,bf9b62d4418d862aa0826a28a846948151da66b8042967382ca6bfd6d7d1cdb2,ff
unreferenced_within_used_rom,1100320,1100800,480,bf9b62d4418d862aa0826a28a846948151da66b8042967382ca6bfd6d7d1cdb2,ff
unreferenced_within_used_rom,1331936,1332224,288,c49fd3b652e068233b78f7300696e2201ddf3932072b8b303de297e7d0354827,ff
unreferenced_within_used_rom,1488288,1488384,96,ce65609cc564ce3d8cb72d46bc44cd5495afbad7bc61b5edfa0799baa5063191,ff
unreferenced_within_used_rom,1590144,1590272,128,e9175db65a9789096ca9cb5524d3abc2107df03e3c9ba3af1aca628f9c5d3bd2,ff
unreferenced_within_used_rom,1603296,1603584,288,c49fd3b652e068233b78f7300696e2201ddf3932072b8b303de297e7d0354827,ff
unreferenced_within_used_rom,1716064,1716224,160,0052516839b94ee314a4e3b398c8036de3790d672194987a394ee60323848539,ff
unreferenced_within_used_rom,1757600,1757696,96,ce65609cc564ce3d8cb72d46bc44cd5495afbad7bc61b5edfa0799baa5063191,ff
unreferenced_within_used_rom,1757728,1758208,480,bf9b62d4418d862aa0826a28a846948151da66b8042967382ca6bfd6d7d1cdb2,ff
unreferenced_within_used_rom,1965536,1965568,32,af9613760f72635fbdb44a5a0a63c39f12af30f950a6ee5c971be188e89c4051,ff
unreferenced_within_used_rom,2068576,2068992,416,9021f9b42681058b179c190ba727a5422fc558feb2d33a9c9c5874682738a824,ff
unreferenced_within_used_rom,2260448,2260480,32,af9613760f72635fbdb44a5a0a63c39f12af30f950a6ee5c971be188e89c4051,ff
unreferenced_within_used_rom,2323232,2323456,224,7c2d694d4c46ed5e7bd4243144e171c90d5a628324e239503536f05203339863,ff
unreferenced_within_used_rom,2341504,2341888,384,a292bc4a1d8d3caa7dd32d1858f7d642a27373526b84cde7df8634faad708d2a,ff
unreferenced_within_used_rom,2507008,2507264,256,3d6876a0146de8576eb2395a858de1213d1b92c65b779df3a331cfd5a4584546,ff
unreferenced_within_used_rom,2535552,2535936,384,a292bc4a1d8d3caa7dd32d1858f7d642a27373526b84cde7df8634faad708d2a,ff
unreferenced_within_used_rom,2633440,2633728,288,c49fd3b652e068233b78f7300696e2201ddf3932072b8b303de297e7d0354827,ff
unreferenced_within_used_rom,2633984,2634240,256,3d6876a0146de8576eb2395a858de1213d1b92c65b779df3a331cfd5a4584546,ff
unreferenced_within_used_rom,2644928,2644992,64,8667e718294e9e0df1d30600ba3eeb201f764aad2dad72748643e4a285e1d1f7,ff
unreferenced_within_used_rom,2648832,2649088,256,3d6876a0146de8576eb2395a858de1213d1b92c65b779df3a331cfd5a4584546,ff
unreferenced_within_used_rom,2655488,2655744,256,3d6876a0146de8576eb2395a858de1213d1b92c65b779df3a331cfd5a4584546,ff
unreferenced_within_used_rom,2658208,2658304,96,ce65609cc564ce3d8cb72d46bc44cd5495afbad7bc61b5edfa0799baa5063191,ff
unreferenced_within_used_rom,2659680,2659840,160,0052516839b94ee314a4e3b398c8036de3790d672194987a394ee60323848539,ff
unreferenced_within_used_rom,2664864,2664960,96,ce65609cc564ce3d8cb72d46bc44cd5495afbad7bc61b5edfa0799baa5063191,ff
unreferenced_within_used_rom,2670976,2671104,128,e9175db65a9789096ca9cb5524d3abc2107df03e3c9ba3af1aca628f9c5d3bd2,ff
unreferenced_within_used_rom,2673408,2673664,256,3d6876a0146de8576eb2395a858de1213d1b92c65b779df3a331cfd5a4584546,ff
unreferenced_within_used_rom,2677920,2678272,352,a8aa961e3bbac0826d6d3fabce5dee4889e5c218e4b1216908e66bc53264d89a,ff
unreferenced_within_used_rom,2679072,2679296,224,7c2d694d4c46ed5e7bd4243144e171c90d5a628324e239503536f05203339863,ff
unreferenced_within_used_rom,2680512,2680832,320,1f34be94c0f6303063808553c7e906fedaf542afe7fc5d52040008ebfbe35038,ff
unreferenced_within_used_rom,2683296,2683392,96,ce65609cc564ce3d8cb72d46bc44cd5495afbad7bc61b5edfa0799baa5063191,ff
unreferenced_within_used_rom,2686656,2686976,320,1f34be94c0f6303063808553c7e906fedaf542afe7fc5d52040008ebfbe35038,ff
unreferenced_within_used_rom,2688352,2688512,160,0052516839b94ee314a4e3b398c8036de3790d672194987a394ee60323848539,ff
unreferenced_within_used_rom,2691392,2691584,192,8f62c344eff1568474fb693b8c18526629db443b9653a84264189c97693605de,ff
unreferenced_within_used_rom,2694848,2695168,320,1f34be94c0f6303063808553c7e906fedaf542afe7fc5d52040008ebfbe35038,ff
unreferenced_within_used_rom,2698336,2698752,416,9021f9b42681058b179c190ba727a5422fc558feb2d33a9c9c5874682738a824,ff
unreferenced_within_used_rom,2703168,2703360,192,8f62c344eff1568474fb693b8c18526629db443b9653a84264189c97693605de,ff
unreferenced_within_used_rom,2705664,2705920,256,3d6876a0146de8576eb2395a858de1213d1b92c65b779df3a331cfd5a4584546,ff
unreferenced_within_used_rom,2708416,2708480,64,8667e718294e9e0df1d30600ba3eeb201f764aad2dad72748643e4a285e1d1f7,ff
unreferenced_within_used_rom,2709664,2710016,352,a8aa961e3bbac0826d6d3fabce5dee4889e5c218e4b1216908e66bc53264d89a,ff
unreferenced_within_used_rom,2712384,2712576,192,8f62c344eff1568474fb693b8c18526629db443b9653a84264189c97693605de,ff
unreferenced_within_used_rom,2713376,2713600,224,7c2d694d4c46ed5e7bd4243144e171c90d5a628324e239503536f05203339863,ff
unreferenced_within_used_rom,2716832,2717184,352,a8aa961e3bbac0826d6d3fabce5dee4889e5c218e4b1216908e66bc53264d89a,ff
unreferenced_within_used_rom,2719392,2719744,352,a8aa961e3bbac0826d6d3fabce5dee4889e5c218e4b1216908e66bc53264d89a,ff
unreferenced_within_used_rom,2722080,2722304,224,7c2d694d4c46ed5e7bd4243144e171c90d5a628324e239503536f05203339863,ff
unreferenced_within_used_rom,2726336,2726400,64,8667e718294e9e0df1d30600ba3eeb201f764aad2dad72748643e4a285e1d1f7,ff
unreferenced_within_used_rom,2736768,2737152,384,a292bc4a1d8d3caa7dd32d1858f7d642a27373526b84cde7df8634faad708d2a,ff
unreferenced_within_used_rom,2746240,2746368,128,e9175db65a9789096ca9cb5524d3abc2107df03e3c9ba3af1aca628f9c5d3bd2,ff
unreferenced_within_used_rom,2758720,2759168,448,ad948f3d279d42aeebf35cfdca0a9692de056c8286104fc0c96fc728f61a9c07,ff
unreferenced_within_used_rom,2777504,2777600,96,ce65609cc564ce3d8cb72d46bc44cd5495afbad7bc61b5edfa0799baa5063191,ff
unreferenced_within_used_rom,2787136,2787328,192,8f62c344eff1568474fb693b8c18526629db443b9653a84264189c97693605de,ff
unreferenced_within_used_rom,2792864,2792960,96,ce65609cc564ce3d8cb72d46bc44cd5495afbad7bc61b5edfa0799baa5063191,ff
unreferenced_within_used_rom,2804256,2804736,480,bf9b62d4418d862aa0826a28a846948151da66b8042967382ca6bfd6d7d1cdb2,ff
unreferenced_within_used_rom,2808064,2808320,256,3d6876a0146de8576eb2395a858de1213d1b92c65b779df3a331cfd5a4584546,ff
unreferenced_within_used_rom,2812544,2812928,384,a292bc4a1d8d3caa7dd32d1858f7d642a27373526b84cde7df8634faad708d2a,ff
unreferenced_within_used_rom,2828768,2828800,32,af9613760f72635fbdb44a5a0a63c39f12af30f950a6ee5c971be188e89c4051,ff
unreferenced_within_used_rom,2847936,2848256,320,1f34be94c0f6303063808553c7e906fedaf542afe7fc5d52040008ebfbe35038,ff
unreferenced_within_used_rom,2855488,2855936,448,ad948f3d279d42aeebf35cfdca0a9692de056c8286104fc0c96fc728f61a9c07,ff
unreferenced_within_used_rom,2878048,2878464,416,9021f9b42681058b179c190ba727a5422fc558feb2d33a9c9c5874682738a824,ff
unreferenced_within_used_rom,2887744,2888192,448,ad948f3d279d42aeebf35cfdca0a9692de056c8286104fc0c96fc728f61a9c07,ff
unreferenced_within_used_rom,2902944,2903040,96,ce65609cc564ce3d8cb72d46bc44cd5495afbad7bc61b5edfa0799baa5063191,ff
unreferenced_within_used_rom,2906656,2907136,480,bf9b62d4418d862aa0826a28a846948151da66b8042967382ca6bfd6d7d1cdb2,ff
unreferenced_within_used_rom,2923200,2923520,320,1f34be94c0f6303063808553c7e906fedaf542afe7fc5d52040008ebfbe35038,ff
unreferenced_within_used_rom,2923552,2924032,480,bf9b62d4418d862aa0826a28a846948151da66b8042967382ca6bfd6d7d1cdb2,ff
unreferenced_within_used_rom,2943200,2943488,288,c49fd3b652e068233b78f7300696e2201ddf3932072b8b303de297e7d0354827,ff
unreferenced_within_used_rom,2948128,2948608,480,bf9b62d4418d862aa0826a28a846948151da66b8042967382ca6bfd6d7d1cdb2,ff
unreferenced_within_used_rom,2972640,2972672,32,af9613760f72635fbdb44a5a0a63c39f12af30f950a6ee5c971be188e89c4051,ff
unreferenced_within_used_rom,2980384,2980864,480,bf9b62d4418d862aa0826a28a846948151da66b8042967382ca6bfd6d7d1cdb2,ff
unreferenced_within_used_rom,2988000,2988032,32,af9613760f72635fbdb44a5a0a63c39f12af30f950a6ee5c971be188e89c4051,ff
unreferenced_within_used_rom,2989152,2989568,416,9021f9b42681058b179c190ba727a5422fc558feb2d33a9c9c5874682738a824,ff
unreferenced_within_used_rom,3010752,3011072,320,1f34be94c0f6303063808553c7e906fedaf542afe7fc5d52040008ebfbe35038,ff
unreferenced_within_used_rom,3053856,3054080,224,7c2d694d4c46ed5e7bd4243144e171c90d5a628324e239503536f05203339863,ff
unreferenced_within_used_rom,3075968,3076096,128,e9175db65a9789096ca9cb5524d3abc2107df03e3c9ba3af1aca628f9c5d3bd2,ff
unreferenced_within_used_rom,3085632,3085824,192,8f62c344eff1568474fb693b8c18526629db443b9653a84264189c97693605de,ff
unreferenced_within_used_rom,3143840,3144192,352,a8aa961e3bbac0826d6d3fabce5dee4889e5c218e4b1216908e66bc53264d89a,ff
unreferenced_within_used_rom,3158816,3159040,224,7c2d694d4c46ed5e7bd4243144e171c90d5a628324e239503536f05203339863,ff
unreferenced_within_used_rom,3196160,3196416,256,3d6876a0146de8576eb2395a858de1213d1b92c65b779df3a331cfd5a4584546,ff
unreferenced_within_used_rom,3198496,3198976,480,bf9b62d4418d862aa0826a28a846948151da66b8042967382ca6bfd6d7d1cdb2,ff
unreferenced_within_used_rom,3367708,3367936,228,51dfb9f85859cf70e17b9950249dd65ad033e12d05710abb421af77b4e5b7edf,ff
unreferenced_within_used_rom,3373465,3373568,103,6f9d6f532a215b74cbd654d7c9bdfbb595d7405df78e6d62ea06b4bcf75b5de4,ff
unreferenced_within_used_rom,3376416,3376640,224,7c2d694d4c46ed5e7bd4243144e171c90d5a628324e239503536f05203339863,ff
unreferenced_within_used_rom,3378752,3379200,448,ad948f3d279d42aeebf35cfdca0a9692de056c8286104fc0c96fc728f61a9c07,ff
unreferenced_within_used_rom,3379690,3379712,22,4cee7060fc85c66cdb7830ad2a6e09c8fbb0e9173276bee9df0744c2735e2fda,ff
unreferenced_within_used_rom,3381794,3382272,478,da3b830c9863ce98e539be81fe1d6ecfd6c865d2c1dfd50842b6f6cbd5b636eb,ff
unreferenced_within_used_rom,3384296,3384320,24,44a5f7891570e5631e8c91c85186e6633f4ab5364f644040b2a00126a07985b6,ff
unreferenced_within_used_rom,3386434,3386880,446,9c58454325fa649676169e228d9f0e636722befe895028eee13145a50718784c,ff
unreferenced_within_used_rom,3388964,3389440,476,6014b202385aa136291df620d3de009e948cc020d4e215784a34aebb58b3d855,ff
unreferenced_within_used_rom,3389492,3389952,460,9b8f255bfb88d522281dfdea402175e353e460a09edba88f7d8123d6ee6cb8e6,ff
unreferenced_within_used_rom,3390016,3390464,448,ad948f3d279d42aeebf35cfdca0a9692de056c8286104fc0c96fc728f61a9c07,ff
unreferenced_within_used_rom,3390516,3390976,460,9b8f255bfb88d522281dfdea402175e353e460a09edba88f7d8123d6ee6cb8e6,ff
unreferenced_within_used_rom,3391028,3391488,460,9b8f255bfb88d522281dfdea402175e353e460a09edba88f7d8123d6ee6cb8e6,ff
unreferenced_within_used_rom,3391540,3392000,460,9b8f255bfb88d522281dfdea402175e353e460a09edba88f7d8123d6ee6cb8e6,ff
unreferenced_within_used_rom,3400240,3400704,464,68ae0bd29c78321dd0733e60db7396cedb242552dc4741e9dbebc09106a819c3,ff
unreferenced_within_used_rom,3401256,3401728,472,8976ac95524829e109a8ecf07f8efd7f344493c1e2d7e39919dad95c0bdb3a24,ff
unreferenced_within_used_rom,3401839,3402240,401,87b3e52e2734abf57bb41d2b88b9a13d910ad6979f7442eeea5c4b448ff33f45,ff
unreferenced_within_used_rom,3405572,3405824,252,dc6a17c9570845b5667fe6faa1361f05e471f5ab033213aec9b26acc0aab8849,ff
unreferenced_within_used_rom,3878444,3878912,468,72ea1f236b489fb91b63f41859d566d5f05c463fff88b1ddfe13ca5a585e353a,ff
unreferenced_within_used_rom,3879280,3879424,144,d169f6754229c200ba4838a38e4894c03c47ce8939db4b7a11c224921b982521,ff
unreferenced_within_used_rom,3879976,3880448,472,8976ac95524829e109a8ecf07f8efd7f344493c1e2d7e39919dad95c0bdb3a24,ff
unreferenced_within_used_rom,3880502,3880960,458,eb6a8ee9a23e58f0589f519066dfee6dc1ed0ab174889b850191ffd628184dcb,ff
unreferenced_within_used_rom,3880998,3881472,474,76daddc7ee9923dcf93214401f9566ce85822ced6b7bbbc4c265a450c83a87a1,ff
unreferenced_within_used_rom,3881510,3881984,474,76daddc7ee9923dcf93214401f9566ce85822ced6b7bbbc4c265a450c83a87a1,ff
unreferenced_within_used_rom,3882027,3882496,469,c32af83743c45629788d713a595d3fa327046054393bcd5cc26d29136303251d,ff
unreferenced_within_used_rom,3882512,3883008,496,1dd7b5aec086135580c588a9e91cb20983cfdb38ce06d49567355c7944980ffc,ff
unreferenced_within_used_rom,3883024,3883520,496,1dd7b5aec086135580c588a9e91cb20983cfdb38ce06d49567355c7944980ffc,ff
unreferenced_within_used_rom,3883565,3884032,467,3317fb06594750203f163dde7bdee358fdf4ea1b50899f4602a6c1825f6d9145,ff
unreferenced_within_used_rom,3885432,3885568,136,b37c47f42e74edc6a9bdfa65206dcda5a80eaaa3c3eee9b361636536d81a1f89,ff
unreferenced_within_used_rom,4172580,4172800,220,77cc87a375a23d5286b58d4a3dbf89efc94a5b2000a5ccf9f6fddca1acb8f4ac,ff
unreferenced_within_used_rom,4226592,4227072,480,bf9b62d4418d862aa0826a28a846948151da66b8042967382ca6bfd6d7d1cdb2,ff
unreferenced_within_used_rom,4227144,4227584,440,ccfdb707841cc9878b5aeac45b19e12d90d0250fb83a28bbffc99cc5979a36b6,ff
unreferenced_within_used_rom,4227656,4228096,440,ccfdb707841cc9878b5aeac45b19e12d90d0250fb83a28bbffc99cc5979a36b6,ff
unreferenced_within_used_rom,4228168,4228608,440,ccfdb707841cc9878b5aeac45b19e12d90d0250fb83a28bbffc99cc5979a36b6,ff
unreferenced_within_used_rom,4228680,4229120,440,ccfdb707841cc9878b5aeac45b19e12d90d0250fb83a28bbffc99cc5979a36b6,ff
unreferenced_within_used_rom,4229192,4229632,440,ccfdb707841cc9878b5aeac45b19e12d90d0250fb83a28bbffc99cc5979a36b6,ff
unreferenced_within_used_rom,4229704,4230144,440,ccfdb707841cc9878b5aeac45b19e12d90d0250fb83a28bbffc99cc5979a36b6,ff
unreferenced_within_used_rom,4230216,4230656,440,ccfdb707841cc9878b5aeac45b19e12d90d0250fb83a28bbffc99cc5979a36b6,ff
unreferenced_within_used_rom,4230728,4231168,440,ccfdb707841cc9878b5aeac45b19e12d90d0250fb83a28bbffc99cc5979a36b6,ff
unreferenced_within_used_rom,4231240,4231680,440,ccfdb707841cc9878b5aeac45b19e12d90d0250fb83a28bbffc99cc5979a36b6,ff
unreferenced_within_used_rom,4231752,4232192,440,ccfdb707841cc9878b5aeac45b19e12d90d0250fb83a28bbffc99cc5979a36b6,ff
unreferenced_within_used_rom,4232264,4232704,440,ccfdb707841cc9878b5aeac45b19e12d90d0250fb83a28bbffc99cc5979a36b6,ff
unreferenced_within_used_rom,4234740,4234752,12,8688d249e9d047b4fc2fb89ce05afe9ec89252ffccdd969de6eef260dd7ffb21,ff
unreferenced_within_used_rom,4267568,4268032,464,68ae0bd29c78321dd0733e60db7396cedb242552dc4741e9dbebc09106a819c3,ff
unreferenced_within_used_rom,4268584,4269056,472,8976ac95524829e109a8ecf07f8efd7f344493c1e2d7e39919dad95c0bdb3a24,ff
unreferenced_within_used_rom,4271140,4271616,476,6014b202385aa136291df620d3de009e948cc020d4e215784a34aebb58b3d855,ff
unreferenced_within_used_rom,4271636,4272128,492,1e129a53e316de73b1c3f207144bde598aeb948a48062d905624507b8923d752,ff
unreferenced_within_used_rom,4276560,4276736,176,e0f927b817cce657b4a9967ca2b69f164bd9129f1e5de56c379c4e5f5c4b91c7,ff
unreferenced_within_used_rom,4281224,4281344,120,9088fee917e5a748c2f0b4f5458c1cbdabbd696291c69be6e605bae0ef779e8f,ff
unreferenced_within_used_rom,4282744,4282880,136,b37c47f42e74edc6a9bdfa65206dcda5a80eaaa3c3eee9b361636536d81a1f89,ff
unreferenced_within_used_rom,4287368,4287488,120,9088fee917e5a748c2f0b4f5458c1cbdabbd696291c69be6e605bae0ef779e8f,ff
unreferenced_within_used_rom,4288888,4289024,136,b37c47f42e74edc6a9bdfa65206dcda5a80eaaa3c3eee9b361636536d81a1f89,ff
unreferenced_within_used_rom,4289736,4290048,312,26e1989c6b3b3e1b905dcc17405a2767a1a3ebbb76b26ae3ac6b16bfd61c031c,ff
unreferenced_within_used_rom,4306264,4306432,168,d4aeb32717fdf59836f8b090ed470955826756e10de9db193f79fbe5794f110f,ff
unreferenced_within_used_rom,4339248,4339712,464,68ae0bd29c78321dd0733e60db7396cedb242552dc4741e9dbebc09106a819c3,ff
unreferenced_within_used_rom,4340264,4340736,472,8976ac95524829e109a8ecf07f8efd7f344493c1e2d7e39919dad95c0bdb3a24,ff
unreferenced_within_used_rom,4341132,4341248,116,0ac78c2a8932ef08442f30d50a6c3ccd52ad4e92718626a9a207df0ebe33c623,ff
unreferenced_within_used_rom,4341444,4341760,316,6b880372558aa42114039458cbb35c09af6ed5f8247383b43548e20ee0a174fe,ff
unreferenced_within_used_rom,4341956,4342272,316,6b880372558aa42114039458cbb35c09af6ed5f8247383b43548e20ee0a174fe,ff
unreferenced_within_used_rom,4342588,4342784,196,3d0b3dca249bd1df25779d65db277be994634971b1c8fdcc971fcf7c400fa8c0,ff
unreferenced_within_used_rom,4343200,4343296,96,ce65609cc564ce3d8cb72d46bc44cd5495afbad7bc61b5edfa0799baa5063191,ff
unreferenced_within_used_rom,4343444,4343808,364,9022bdd06c8eb4395f9b070b3b1d9e3c4d0e737da54c52267a846aa92eacf847,ff
unreferenced_within_used_rom,4343884,4344320,436,c577d543ef7c1615afd34449fda585dc345ad1465d67b331eaa41c4c30945255,ff
unreferenced_within_used_rom,4344416,4344832,416,9021f9b42681058b179c190ba727a5422fc558feb2d33a9c9c5874682738a824,ff
unreferenced_within_used_rom,4344908,4345344,436,c577d543ef7c1615afd34449fda585dc345ad1465d67b331eaa41c4c30945255,ff
unreferenced_within_used_rom,4345420,4345856,436,c577d543ef7c1615afd34449fda585dc345ad1465d67b331eaa41c4c30945255,ff
unreferenced_within_used_rom,4345908,4346368,460,9b8f255bfb88d522281dfdea402175e353e460a09edba88f7d8123d6ee6cb8e6,ff
unreferenced_within_used_rom,4346804,4346880,76,f23d9ee2ba3f908b1532a10c56526e78f2bafed3757a4f9b95866159473dd4f9,ff
unreferenced_within_used_rom,4347316,4347392,76,f23d9ee2ba3f908b1532a10c56526e78f2bafed3757a4f9b95866159473dd4f9,ff
unreferenced_within_used_rom,4348452,4348928,476,6014b202385aa136291df620d3de009e948cc020d4e215784a34aebb58b3d855,ff
unreferenced_within_used_rom,4350336,4350464,128,e9175db65a9789096ca9cb5524d3abc2107df03e3c9ba3af1aca628f9c5d3bd2,ff
unreferenced_within_used_rom,4350636,4350976,340,cb9c3eae31ea3b5ebf14eee1fcf3522df1441095c4605ad670a4daa3e3d05984,ff
unreferenced_within_used_rom,4351076,4351488,412,44b03ad76bc1e6498336c7726478ac787c4b03f1e01ed6d4302136f5a2e11689,ff
unreferenced_within_used_rom,4351588,4352000,412,44b03ad76bc1e6498336c7726478ac787c4b03f1e01ed6d4302136f5a2e11689,ff
unreferenced_within_used_rom,4352100,4352512,412,44b03ad76bc1e6498336c7726478ac787c4b03f1e01ed6d4302136f5a2e11689,ff
unreferenced_within_used_rom,4352640,4353024,384,a292bc4a1d8d3caa7dd32d1858f7d642a27373526b84cde7df8634faad708d2a,ff
unreferenced_within_used_rom,4353100,4353536,436,c577d543ef7c1615afd34449fda585dc345ad1465d67b331eaa41c4c30945255,ff
unreferenced_within_used_rom,4441924,4442112,188,129a47b49a3e1a06af4cc9cab579d3a6a6c7f6ab5a17a3f75dd1b09eb9be85e1,ff
unreferenced_within_used_rom,4442275,4442624,349,9f5f6da9502bbccf678df3841130f1cd8cffd1770e333fce161142017ebe37e3,ff
unreferenced_within_used_rom,4442839,4443136,297,8b01870c3dd1f31615e22bd2c3a36f8ad97d31aba4d26467d10ae14bff531869,ff
unreferenced_within_used_rom,4446384,4446720,336,77071fc978963dce5058c795643c95c195d0d2506c5f02ff38c09e4c8d6ec517,ff
unreferenced_within_used_rom,4447272,4447744,472,8976ac95524829e109a8ecf07f8efd7f344493c1e2d7e39919dad95c0bdb3a24,ff
unreferenced_within_used_rom,4447855,4448256,401,87b3e52e2734abf57bb41d2b88b9a13d910ad6979f7442eeea5c4b448ff33f45,ff
unreferenced_within_used_rom,4448355,4448768,413,1c99d1961e9394a47f6551c31c5a343765c152b3a53396c9f849d6e05a5978d2,ff
unreferenced_within_used_rom,4449328,4449792,464,68ae0bd29c78321dd0733e60db7396cedb242552dc4741e9dbebc09106a819c3,ff
unreferenced_within_used_rom,4450344,4450816,472,8976ac95524829e109a8ecf07f8efd7f344493c1e2d7e39919dad95c0bdb3a24,ff
unreferenced_within_used_rom,4451408,4451840,432,23b08da305801e86e6ab7dd7d5c7d7fb8ad2a6218aa08f42daef1652fe65e872,ff
unreferenced_within_used_rom,4452432,4452864,432,23b08da305801e86e6ab7dd7d5c7d7fb8ad2a6218aa08f42daef1652fe65e872,ff
unreferenced_within_used_rom,4453456,4453888,432,23b08da305801e86e6ab7dd7d5c7d7fb8ad2a6218aa08f42daef1652fe65e872,ff
unreferenced_within_used_rom,4454480,4454912,432,23b08da305801e86e6ab7dd7d5c7d7fb8ad2a6218aa08f42daef1652fe65e872,ff
unreferenced_within_used_rom,4461332,4461568,236,d0e58b2b56b917140512e75422d45520ce2881d70b6b5bd52c46f8c40a62a535,ff
unreferenced_within_used_rom,4462300,4462592,292,08e9ada57327ffb9e4bcaed1be7d8ad94b085b2a99318313105c1531ac8d1539,ff
unreferenced_within_used_rom,4462740,4463104,364,9022bdd06c8eb4395f9b070b3b1d9e3c4d0e737da54c52267a846aa92eacf847,ff
unreferenced_within_used_rom,4463296,4463616,320,1f34be94c0f6303063808553c7e906fedaf542afe7fc5d52040008ebfbe35038,ff
unreferenced_within_used_rom,4463884,4464128,244,17e41f65b709ecc118fa639b1d4367396bfd42e63acd399059801ac48398a317,ff
unreferenced_within_used_rom,4464276,4464640,364,9022bdd06c8eb4395f9b070b3b1d9e3c4d0e737da54c52267a846aa92eacf847,ff
unreferenced_within_used_rom,4464788,4465152,364,9022bdd06c8eb4395f9b070b3b1d9e3c4d0e737da54c52267a846aa92eacf847,ff
unreferenced_within_used_rom,4465228,4465664,436,c577d543ef7c1615afd34449fda585dc345ad1465d67b331eaa41c4c30945255,ff
unreferenced_within_used_rom,4465834,4466176,342,2aeeee3c67a4b34c30af583847c90d3e2dc5151dff6b0fb1cde8870302330689,ff
unreferenced_within_used_rom,4466362,4466688,326,bc8755b8dcb2298a2c989677c13c4af1d7a693079821647f6377796b86ba33f7,ff
unreferenced_within_used_rom,4466908,4467200,292,08e9ada57327ffb9e4bcaed1be7d8ad94b085b2a99318313105c1531ac8d1539,ff
unreferenced_within_used_rom,4467349,4467712,363,71ef5f27962b41f8ae11bce775a43159fa0614eb1c01e17b4a2cdf9aea44b595,ff
unreferenced_within_used_rom,4478580,4478976,396,481ac674a6d701121f3a00411c9d9d4ce20a5fb1a0c7fcccc22d020493dc261a,ff
unreferenced_within_used_rom,4479588,4480000,412,44b03ad76bc1e6498336c7726478ac787c4b03f1e01ed6d4302136f5a2e11689,ff
unreferenced_within_used_rom,4503680,4504064,384,a292bc4a1d8d3caa7dd32d1858f7d642a27373526b84cde7df8634faad708d2a,ff
unreferenced_within_used_rom,4505748,4506112,364,9022bdd06c8eb4395f9b070b3b1d9e3c4d0e737da54c52267a846aa92eacf847,ff
unreferenced_within_used_rom,4510768,4511232,464,68ae0bd29c78321dd0733e60db7396cedb242552dc4741e9dbebc09106a819c3,ff
unreferenced_within_used_rom,4511784,4512256,472,8976ac95524829e109a8ecf07f8efd7f344493c1e2d7e39919dad95c0bdb3a24,ff
unreferenced_within_used_rom,4528344,4528640,296,a0f4ca44a8d75a80222d8c564cf2d62fdc724c078d03da81d237b7a123384a55,ff
unreferenced_within_used_rom,4528889,4529152,263,26e10ca324dc040fbb0319dc846dc4b9e3d8b88571f81b0880ad87d503aae267,ff
unreferenced_within_used_rom,4529417,4529664,247,06b871cb3b614fa6ad067ada4897f7a86ef78b7bd17210bd9f75cd636dbc3b13,ff
unreferenced_within_used_rom,4529878,4530176,298,8b462e9247e1991407060791bcb43913c7e286eb18f2cf9fd81f731c302f8638,ff
unreferenced_within_used_rom,4530338,4530688,350,317177f2882e36166318ad4a5f4252528011a1cae6cedb6ea2cfeade7f2284a2,ff
unreferenced_within_used_rom,4532016,4532224,208,86ff85227f7cc42cc3293ebdeeb10d8660b51eb429dd1d6c999ddf14cb59db73,ff
unreferenced_within_used_rom,4665244,4665344,100,da6f14970ce356ce01a5b340291e9d8b2652eb63fbf8f328ca6a87a727fde4d9,ff
unreferenced_within_used_rom,4679784,4680192,408,90355c2d0a613511985dfe3953a0ac8c28aaf6a4de822db3f2aeae839a584bd9,ff
unreferenced_within_used_rom,4801964,4802048,84,4a83aa458b0a2379f2c7a336bd0d936f33d55fa35fd8bf823ba81cdde29725aa,ff
unreferenced_within_used_rom,4821864,4822016,152,98a1a382b32ccf7bc6d87cda8c196485641b07ee46a1b1d3748788e197fe985b,ff
unreferenced_within_used_rom,4822092,4822528,436,c577d543ef7c1615afd34449fda585dc345ad1465d67b331eaa41c4c30945255,ff
unreferenced_within_used_rom,4822604,4823040,436,c577d543ef7c1615afd34449fda585dc345ad1465d67b331eaa41c4c30945255,ff
unreferenced_within_used_rom,4823116,4823552,436,c577d543ef7c1615afd34449fda585dc345ad1465d67b331eaa41c4c30945255,ff
unreferenced_within_used_rom,4823628,4824064,436,c577d543ef7c1615afd34449fda585dc345ad1465d67b331eaa41c4c30945255,ff
unreferenced_within_used_rom,4824160,4824576,416,9021f9b42681058b179c190ba727a5422fc558feb2d33a9c9c5874682738a824,ff
unreferenced_within_used_rom,4824628,4825088,460,9b8f255bfb88d522281dfdea402175e353e460a09edba88f7d8123d6ee6cb8e6,ff
unreferenced_within_used_rom,4825140,4825600,460,9b8f255bfb88d522281dfdea402175e353e460a09edba88f7d8123d6ee6cb8e6,ff
unreferenced_within_used_rom,4867124,4867584,460,9b8f255bfb88d522281dfdea402175e353e460a09edba88f7d8123d6ee6cb8e6,ff
unreferenced_within_used_rom,5765824,5766144,320,1f34be94c0f6303063808553c7e906fedaf542afe7fc5d52040008ebfbe35038,ff
unreferenced_within_used_rom,5829800,5830144,344,3037f064706622ffeb6597ff97546c1192c6adcddfefb0c8cb71c4b2de4f7ddd,ff
unreferenced_within_used_rom,5830720,5831168,448,ad948f3d279d42aeebf35cfdca0a9692de056c8286104fc0c96fc728f61a9c07,ff
unreferenced_within_used_rom,5845836,5846016,180,e08c7a0233fe3424e06449f8b19133016749482cba857f59774d4b29267990e0,ff
unreferenced_within_used_rom,5861908,5862400,492,1e129a53e316de73b1c3f207144bde598aeb948a48062d905624507b8923d752,ff
unreferenced_within_used_rom,5862976,5863424,448,ad948f3d279d42aeebf35cfdca0a9692de056c8286104fc0c96fc728f61a9c07,ff
unreferenced_within_used_rom,5863976,5864448,472,8976ac95524829e109a8ecf07f8efd7f344493c1e2d7e39919dad95c0bdb3a24,ff
unreferenced_within_used_rom,13349216,13349376,160,0052516839b94ee314a4e3b398c8036de3790d672194987a394ee60323848539,ff
unreferenced_within_used_rom,16044560,16045056,496,1dd7b5aec086135580c588a9e91cb20983cfdb38ce06d49567355c7944980ffc,ff
unreferenced_within_used_rom,16051804,16052224,420,b449e6715cd9f24c641fd6d991ae5c12cf02d7d85c4aad2af4d9c2d9c03f1ab0,ff
unreferenced_within_used_rom,16075332,16075776,444,eeca29ad5a2734765a695ea6f30c8aa13ba52ff0c26105a2016e61adf4de5b65,ff
unreferenced_within_used_rom,16077460,16077824,364,9022bdd06c8eb4395f9b070b3b1d9e3c4d0e737da54c52267a846aa92eacf847,ff
unreferenced_within_used_rom,16968428,16968704,276,74e91c3d013885cbf7a6de3e5fd0fb1647795a99f24303973515ea71e3289491,ff
unreferenced_within_used_rom,16969260,16969728,468,72ea1f236b489fb91b63f41859d566d5f05c463fff88b1ddfe13ca5a585e353a,ff
unreferenced_within_used_rom,16970284,16970752,468,72ea1f236b489fb91b63f41859d566d5f05c463fff88b1ddfe13ca5a585e353a,ff
unreferenced_within_used_rom,16971308,16971776,468,72ea1f236b489fb91b63f41859d566d5f05c463fff88b1ddfe13ca5a585e353a,ff
unreferenced_within_used_rom,28750452,28750848,396,481ac674a6d701121f3a00411c9d9d4ce20a5fb1a0c7fcccc22d020493dc261a,ff
unreferenced_within_used_rom,28803188,28803584,396,481ac674a6d701121f3a00411c9d9d4ce20a5fb1a0c7fcccc22d020493dc261a,ff
unreferenced_within_used_rom,29444164,29444608,444,eeca29ad5a2734765a695ea6f30c8aa13ba52ff0c26105a2016e61adf4de5b65,ff
unreferenced_within_used_rom,29470712,29470720,8,12a3ae445661ce5dee78d0650d33362dec29c4f82af05e7e57fb595bbbacf0ca,ff
unreferenced_within_used_rom,29496824,29496832,8,12a3ae445661ce5dee78d0650d33362dec29c4f82af05e7e57fb595bbbacf0ca,ff
unreferenced_within_used_rom,29500180,29500416,236,d0e58b2b56b917140512e75422d45520ce2881d70b6b5bd52c46f8c40a62a535,ff
unreferenced_within_used_rom,29501418,29501440,22,4cee7060fc85c66cdb7830ad2a6e09c8fbb0e9173276bee9df0744c2735e2fda,ff
unreferenced_within_used_rom,29520192,29520384,192,8f62c344eff1568474fb693b8c18526629db443b9653a84264189c97693605de,ff
unreferenced_within_used_rom,29544236,29544448,212,d31782695685974e55d7377b5d11638fecaa83c69d22daa0a95b13d2d8d85a55,ff
unreferenced_within_used_rom,29566356,29566464,108,8a4a142cd5b67451fa5f795cc98952b65d0889529440ebeeaa7b04032838ac4a,ff
unreferenced_within_used_rom,29576068,29576192,124,49400dd2502410d5b6c7222a4261c8dbfa17c8b96b1faf91df4f586761841d76,ff
unreferenced_within_used_rom,29577952,29578240,288,c49fd3b652e068233b78f7300696e2201ddf3932072b8b303de297e7d0354827,ff
unreferenced_within_used_rom,29598468,29598720,252,dc6a17c9570845b5667fe6faa1361f05e471f5ab033213aec9b26acc0aab8849,ff
unreferenced_within_used_rom,29673128,29673472,344,3037f064706622ffeb6597ff97546c1192c6adcddfefb0c8cb71c4b2de4f7ddd,ff
unreferenced_within_used_rom,30313596,30313984,388,a58ff1884b746a032b6ec99f459b509b968499263f1b8a35c40bef524aec7be5,ff
unreferenced_within_used_rom,30445660,30446080,420,b449e6715cd9f24c641fd6d991ae5c12cf02d7d85c4aad2af4d9c2d9c03f1ab0,ff
unreferenced_within_used_rom,30466944,30467072,128,e9175db65a9789096ca9cb5524d3abc2107df03e3c9ba3af1aca628f9c5d3bd2,ff
unreferenced_within_used_rom,30721100,30721536,436,c577d543ef7c1615afd34449fda585dc345ad1465d67b331eaa41c4c30945255,ff
unreferenced_within_used_rom,30733860,30734336,476,6014b202385aa136291df620d3de009e948cc020d4e215784a34aebb58b3d855,ff
unreferenced_within_used_rom,30751228,30751232,4,ad95131bc0b799c0b1af477fb14fcf26a6a9f76079e48bf090acb7e8367bfd0e,ff
unreferenced_within_used_rom,30802232,30802432,200,d0f9b20e11b4dee02da0e8da52ebeda2c6f00792f241238819f2b280ad10ba33,ff
unreferenced_within_used_rom,30808848,30809088,240,d6c49417b1ca0a6714dcde2b40010cb7496d05df7f8c8b1b9814097e9d62c8e1,ff
unreferenced_within_used_rom,30814452,30814720,268,46ca69b2baab6a254196d2b8d4cc5cfeaf0a49a3a9e98e078197d5cecbf01ba8,ff
unreferenced_within_used_rom,30819408,30819840,432,23b08da305801e86e6ab7dd7d5c7d7fb8ad2a6218aa08f42daef1652fe65e872,ff
unreferenced_within_used_rom,30852916,30853120,204,dc6c9c43af3a1e4a3102286e5784afbd26f393dabf9b59b4cf3b74e9b6dce2ee,ff
unreferenced_within_used_rom,30857600,30857728,128,e9175db65a9789096ca9cb5524d3abc2107df03e3c9ba3af1aca628f9c5d3bd2,ff
unreferenced_within_used_rom,30869084,30869504,420,b449e6715cd9f24c641fd6d991ae5c12cf02d7d85c4aad2af4d9c2d9c03f1ab0,ff
unreferenced_within_used_rom,31089112,31089152,40,6ecd0f0bd7cf53c56d2129820911a26f815949eee418ca46b4f3d7a80cd969a7,ff
unreferenced_within_used_rom,31194740,31195136,396,481ac674a6d701121f3a00411c9d9d4ce20a5fb1a0c7fcccc22d020493dc261a,ff
unreferenced_within_used_rom,31308576,31308800,224,7c2d694d4c46ed5e7bd4243144e171c90d5a628324e239503536f05203339863,ff
unreferenced_within_used_rom,31325688,31325696,8,12a3ae445661ce5dee78d0650d33362dec29c4f82af05e7e57fb595bbbacf0ca,ff
unreferenced_within_used_rom,31326380,31326720,340,cb9c3eae31ea3b5ebf14eee1fcf3522df1441095c4605ad670a4daa3e3d05984,ff
unreferenced_within_used_rom,31358232,31358464,232,c80a17673aa3c620f955b53433262f72c351eecccd3679f0a3c50b7e4ee77f13,ff
unreferenced_within_used_rom,31360028,31360512,484,d72674baf21b2f65f74ecc9fbd4985ee3916bead8c4745266ad61b43ab964322,ff
unreferenced_within_used_rom,31361180,31361536,356,89860ee4975dba3ec6e8865839ce8361c7333cce139c245b9671181f88d56688,ff
unreferenced_within_used_rom,31695004,31695360,356,89860ee4975dba3ec6e8865839ce8361c7333cce139c245b9671181f88d56688,ff
unreferenced_within_used_rom,31835940,31836160,220,77cc87a375a23d5286b58d4a3dbf89efc94a5b2000a5ccf9f6fddca1acb8f4ac,ff
unreferenced_within_used_rom,31846780,31846912,132,0cb297d6669024017917eef4a45229fe47c2b47099a514ee62e89bc4874294a5,ff
unreferenced_within_used_rom,31890172,31890432,260,7c9a3b8c0380189cccdc5a5db9a3c224f08b92bbda2a2894698e20f2968a4adf,ff
unreferenced_within_used_rom,31929096,31929344,248,02eac1ae8a6a00237269d7713f65ed7af685b76695978616e5ca1992b75a2101,ff
unreferenced_within_used_rom,31930212,31930368,156,6f50d0f89132d69cb99f926cddf858120dcc4f1189a03452a79a6f1a6fef330a,ff
unreferenced_within_used_rom,32065112,32065536,424,842d4a2bef4008a41534e1a1e70c2428e26731f30fc649ecfddcaa9aec25b5c2,ff
unreferenced_within_used_rom,32066980,32067072,92,f7b17d2718fb1c33c3f11a2ec0b20bc08a365fa6b3700dc45cfbe5dae8ca3d73,ff
unreferenced_within_used_rom,32099348,32099840,492,1e129a53e316de73b1c3f207144bde598aeb948a48062d905624507b8923d752,ff
unreferenced_within_used_rom,32355376,32355840,464,68ae0bd29c78321dd0733e60db7396cedb242552dc4741e9dbebc09106a819c3,ff
unreferenced_within_used_rom,32462640,32462848,208,86ff85227f7cc42cc3293ebdeeb10d8660b51eb429dd1d6c999ddf14cb59db73,ff
unreferenced_within_used_rom,32482160,32482304,144,d169f6754229c200ba4838a38e4894c03c47ce8939db4b7a11c224921b982521,ff
unreferenced_within_used_rom,32486584,32486912,328,5d02867c4fcc298bca28ab8ca437e646368ca7fd26184c71048bbb4fe570df1a,ff
unreferenced_within_used_rom,32517828,32518144,316,6b880372558aa42114039458cbb35c09af6ed5f8247383b43548e20ee0a174fe,ff
unreferenced_within_used_rom,32702064,32702464,400,c323c96b39b5155a4788a606c6fc05571befd551e693af4ec6b7f369cc42a834,ff
unreferenced_within_used_rom,32883444,32883712,268,46ca69b2baab6a254196d2b8d4cc5cfeaf0a49a3a9e98e078197d5cecbf01ba8,ff
unreferenced_within_used_rom,32889124,32889344,220,77cc87a375a23d5286b58d4a3dbf89efc94a5b2000a5ccf9f6fddca1acb8f4ac,ff
unreferenced_within_used_rom,32916924,32916992,68,45711c71a8ea9075f812520ebd55ac5565beaa67a4a54b7f7768d156e728d926,ff
unreferenced_within_used_rom,32957100,32957440,340,cb9c3eae31ea3b5ebf14eee1fcf3522df1441095c4605ad670a4daa3e3d05984,ff
unreferenced_within_used_rom,32970084,32970240,156,6f50d0f89132d69cb99f926cddf858120dcc4f1189a03452a79a6f1a6fef330a,ff
unreferenced_within_used_rom,33029060,33029120,60,629a5c51b535fbed8cf66fe66ca7d893116c7b7a851db41f079e929680540f58,ff
unreferenced_within_used_rom,33056228,33056256,28,326a8ca97825794cbe04eb7e9ac623ed0335ada08fec52df0140973f3c11bf48,ff
unreferenced_within_used_rom,33061548,33061888,340,cb9c3eae31ea3b5ebf14eee1fcf3522df1441095c4605ad670a4daa3e3d05984,ff
unreferenced_within_used_rom,33070700,33071104,404,a135198e2020cd0457aa80bebc3d9f7c248d56128921af794d16cabd200d511c,ff
unreferenced_within_used_rom,33198256,33198592,336,77071fc978963dce5058c795643c95c195d0d2506c5f02ff38c09e4c8d6ec517,ff
unreferenced_within_used_rom,33203912,33204224,312,26e1989c6b3b3e1b905dcc17405a2767a1a3ebbb76b26ae3ac6b16bfd61c031c,ff
unreferenced_within_used_rom,33227204,33227264,60,629a5c51b535fbed8cf66fe66ca7d893116c7b7a851db41f079e929680540f58,ff
unreferenced_within_used_rom,33237312,33237504,192,8f62c344eff1568474fb693b8c18526629db443b9653a84264189c97693605de,ff
unreferenced_within_used_rom,33323280,33323520,240,d6c49417b1ca0a6714dcde2b40010cb7496d05df7f8c8b1b9814097e9d62c8e1,ff
unreferenced_within_used_rom,33325976,33326080,104,f71c209c8df8eeb07005a11966d0300bd86d153006ba2e05302caf822246d90f,ff
unreferenced_within_used_rom,33554400,33554432,32,af9613760f72635fbdb44a5a0a63c39f12af30f950a6ee5c971be188e89c4051,ff
unreferenced_within_used_rom,33559056,33559552,496,1dd7b5aec086135580c588a9e91cb20983cfdb38ce06d49567355c7944980ffc,ff
unreferenced_within_used_rom,33571636,33571840,204,dc6c9c43af3a1e4a3102286e5784afbd26f393dabf9b59b4cf3b74e9b6dce2ee,ff
unreferenced_within_used_rom,33606884,33607168,284,6627ad360744b02badddc8173e9b995053da0014db8f5a7511467704235828a3,ff
unreferenced_within_used_rom,33653976,33654272,296,a0f4ca44a8d75a80222d8c564cf2d62fdc724c078d03da81d237b7a123384a55,ff
unreferenced_within_used_rom,33673772,33674240,468,72ea1f236b489fb91b63f41859d566d5f05c463fff88b1ddfe13ca5a585e353a,ff
unreferenced_within_used_rom,34069680,34070016,336,77071fc978963dce5058c795643c95c195d0d2506c5f02ff38c09e4c8d6ec517,ff
unreferenced_within_used_rom,34071348,34071552,204,dc6c9c43af3a1e4a3102286e5784afbd26f393dabf9b59b4cf3b74e9b6dce2ee,ff
unreferenced_within_used_rom,34649328,34649600,272,f493acc6d716b7843d52ecef8643ef79bac85f84dd8851de91627c38dc4f7e41,ff
unreferenced_within_used_rom,34708204,34708480,276,74e91c3d013885cbf7a6de3e5fd0fb1647795a99f24303973515ea71e3289491,ff
unreferenced_within_used_rom,35922012,35922432,420,b449e6715cd9f24c641fd6d991ae5c12cf02d7d85c4aad2af4d9c2d9c03f1ab0,ff
unreferenced_within_used_rom,36036760,36037120,360,107d83b356cec4dfa3f441e7906af332fd9a75704750b5ca2ab98c4a1b3aab44,ff
unreferenced_within_used_rom,36358724,36359168,444,eeca29ad5a2734765a695ea6f30c8aa13ba52ff0c26105a2016e61adf4de5b65,ff
unreferenced_within_used_rom,38741008,38741504,496,1dd7b5aec086135580c588a9e91cb20983cfdb38ce06d49567355c7944980ffc,ff
unreferenced_within_used_rom,38744520,38744576,56,528ff50ab05e77bbbd224a9ec86165dbb6824a9a9efb544be0a1d57d5b416457,ff
unreferenced_within_used_rom,38884596,38884864,268,46ca69b2baab6a254196d2b8d4cc5cfeaf0a49a3a9e98e078197d5cecbf01ba8,ff
unreferenced_within_used_rom,38963972,38964224,252,dc6a17c9570845b5667fe6faa1361f05e471f5ab033213aec9b26acc0aab8849,ff
unreferenced_within_used_rom,39043332,39043584,252,dc6a17c9570845b5667fe6faa1361f05e471f5ab033213aec9b26acc0aab8849,ff
unreferenced_within_used_rom,40961996,40962048,52,01028783afa8d55efe67c3967e5405a39640fede4405133b3f1f86a8edcd07dd,ff
unreferenced_within_used_rom,40967972,40968192,220,77cc87a375a23d5286b58d4a3dbf89efc94a5b2000a5ccf9f6fddca1acb8f4ac,ff
unreferenced_within_used_rom,40979992,40980480,488,3832cbd77b14dad756b4023ff2d1c056c45c5402bb2682353f45de66cb5278a7,ff
unreferenced_within_used_rom,40981476,40981504,28,326a8ca97825794cbe04eb7e9ac623ed0335ada08fec52df0140973f3c11bf48,ff
unreferenced_within_used_rom,40986228,40986624,396,481ac674a6d701121f3a00411c9d9d4ce20a5fb1a0c7fcccc22d020493dc261a,ff
unreferenced_within_used_rom,42187956,42188288,332,f175b06eed005da8da3258bbb9302e5cf74ffc5fb7a85fe418ae1d20f5f7f97b,ff
unreferenced_within_used_rom,43445072,43445248,176,e0f927b817cce657b4a9967ca2b69f164bd9129f1e5de56c379c4e5f5c4b91c7,ff
unreferenced_within_used_rom,43446488,43446784,296,a0f4ca44a8d75a80222d8c564cf2d62fdc724c078d03da81d237b7a123384a55,ff
unreferenced_within_used_rom,58224940,58225152,212,d31782695685974e55d7377b5d11638fecaa83c69d22daa0a95b13d2d8d85a55,ff
unreferenced_within_used_rom,58305860,58306048,188,129a47b49a3e1a06af4cc9cab579d3a6a6c7f6ab5a17a3f75dd1b09eb9be85e1,ff
unreferenced_within_used_rom,58329892,58330112,220,77cc87a375a23d5286b58d4a3dbf89efc94a5b2000a5ccf9f6fddca1acb8f4ac,ff
unreferenced_within_used_rom,58344252,58344448,196,3d0b3dca249bd1df25779d65db277be994634971b1c8fdcc971fcf7c400fa8c0,ff
unreferenced_within_used_rom,58378748,58378752,4,ad95131bc0b799c0b1af477fb14fcf26a6a9f76079e48bf090acb7e8367bfd0e,ff
unreferenced_within_used_rom,58401304,58401792,488,3832cbd77b14dad756b4023ff2d1c056c45c5402bb2682353f45de66cb5278a7,ff
unreferenced_within_used_rom,58553972,58554368,396,481ac674a6d701121f3a00411c9d9d4ce20a5fb1a0c7fcccc22d020493dc261a,ff
unreferenced_within_used_rom,58557640,58557952,312,26e1989c6b3b3e1b905dcc17405a2767a1a3ebbb76b26ae3ac6b16bfd61c031c,ff
unreferenced_within_used_rom,58786064,58786304,240,d6c49417b1ca0a6714dcde2b40010cb7496d05df7f8c8b1b9814097e9d62c8e1,ff
unreferenced_within_used_rom,58847116,58847232,116,0ac78c2a8932ef08442f30d50a6c3ccd52ad4e92718626a9a207df0ebe33c623,ff
unreferenced_within_used_rom,58858236,58858496,260,7c9a3b8c0380189cccdc5a5db9a3c224f08b92bbda2a2894698e20f2968a4adf,ff
unreferenced_within_used_rom,58868204,58868224,20,9a8dcd3f9ff7aa3114e141f03c12989d363ea81fd74c02eea63c5f41489cb17a,ff
unreferenced_within_used_rom,58868836,58869248,412,44b03ad76bc1e6498336c7726478ac787c4b03f1e01ed6d4302136f5a2e11689,ff
unreferenced_within_used_rom,58894660,58894848,188,129a47b49a3e1a06af4cc9cab579d3a6a6c7f6ab5a17a3f75dd1b09eb9be85e1,ff
unreferenced_within_used_rom,58937296,58937344,48,80a76a18acf8cb64fec3a659ffc4bab4a87cd9a6fde4dab2161a8751d136c9d2,ff
unreferenced_within_used_rom,58989752,58990080,328,5d02867c4fcc298bca28ab8ca437e646368ca7fd26184c71048bbb4fe570df1a,ff
unreferenced_within_used_rom,58991908,58992128,220,77cc87a375a23d5286b58d4a3dbf89efc94a5b2000a5ccf9f6fddca1acb8f4ac,ff
unreferenced_within_used_rom,58995148,58995200,52,01028783afa8d55efe67c3967e5405a39640fede4405133b3f1f86a8edcd07dd,ff
unreferenced_within_used_rom,59090264,59090432,168,d4aeb32717fdf59836f8b090ed470955826756e10de9db193f79fbe5794f110f,ff
unreferenced_within_used_rom,59091328,59091456,128,e9175db65a9789096ca9cb5524d3abc2107df03e3c9ba3af1aca628f9c5d3bd2,ff
unreferenced_within_used_rom,59100400,59100672,272,f493acc6d716b7843d52ecef8643ef79bac85f84dd8851de91627c38dc4f7e41,ff
unreferenced_within_used_rom,59101720,59102208,488,3832cbd77b14dad756b4023ff2d1c056c45c5402bb2682353f45de66cb5278a7,ff
unreferenced_within_used_rom,59102572,59102720,148,b0883db6a4d742caa0d111a0b067c4e966d09eab650e889b1836de04b259988f,ff
unreferenced_within_used_rom,59116612,59117056,444,eeca29ad5a2734765a695ea6f30c8aa13ba52ff0c26105a2016e61adf4de5b65,ff
unreferenced_within_used_rom,59117460,59117568,108,8a4a142cd5b67451fa5f795cc98952b65d0889529440ebeeaa7b04032838ac4a,ff
unreferenced_within_used_rom,59126932,59127296,364,9022bdd06c8eb4395f9b070b3b1d9e3c4d0e737da54c52267a846aa92eacf847,ff
unreferenced_within_used_rom,59238796,59238912,116,0ac78c2a8932ef08442f30d50a6c3ccd52ad4e92718626a9a207df0ebe33c623,ff
unreferenced_within_used_rom,59296224,59296256,32,af9613760f72635fbdb44a5a0a63c39f12af30f950a6ee5c971be188e89c4051,ff
unreferenced_within_used_rom,59915144,59915264,120,9088fee917e5a748c2f0b4f5458c1cbdabbd696291c69be6e605bae0ef779e8f,ff
unreferenced_within_used_rom,59941060,59941376,316,6b880372558aa42114039458cbb35c09af6ed5f8247383b43548e20ee0a174fe,ff
unreferenced_within_used_rom,59964252,59964416,164,e6cb9c9c356d2ba83ce89493ae74c91ad065fac76eec4d3409211c0b8450f091,ff
unreferenced_within_used_rom,59998144,59998208,64,8667e718294e9e0df1d30600ba3eeb201f764aad2dad72748643e4a285e1d1f7,ff
unreferenced_within_used_rom,60069856,60069888,32,af9613760f72635fbdb44a5a0a63c39f12af30f950a6ee5c971be188e89c4051,ff
unreferenced_within_used_rom,60141512,60141568,56,528ff50ab05e77bbbd224a9ec86165dbb6824a9a9efb544be0a1d57d5b416457,ff
unreferenced_within_used_rom,60197860,60197888,28,326a8ca97825794cbe04eb7e9ac623ed0335ada08fec52df0140973f3c11bf48,ff
unreferenced_within_used_rom,60270876,60271104,228,51dfb9f85859cf70e17b9950249dd65ad033e12d05710abb421af77b4e5b7edf,ff
trailing_after_used_rom,61169344,67108864,5939520,2f3e9e6f2abe900552d55c9b932db1f362fa865d9282478e9f9e21eede2294b0,ff
